cycle,ts,rss_kb,fd,threads,dropped,clock_lost,sw_epoch,tl_epoch,frames_v,frames_a,observed,target
1,1788715103,1219216,14,31,0,0,1,0,31,42,6ede00d0-baf4-573f-a0dd-4a503bf7f766,6ede00d0-baf4-573f-a0dd-4a503bf7f766
2,1788715132,1263576,14,29,0,0,2,0,895,1195,4fa33dcb-5f76-5f76-aea8-330df7ada03e,4fa33dcb-5f76-5f76-aea8-330df7ada03e
3,1788715160,1269180,14,29,0,0,3,0,1759,2348,6ede00d0-baf4-573f-a0dd-4a503bf7f766,6ede00d0-baf4-573f-a0dd-4a503bf7f766
4,1788715189,1269200,14,29,0,0,4,0,2623,3498,4fa33dcb-5f76-5f76-aea8-330df7ada03e,4fa33dcb-5f76-5f76-aea8-330df7ada03e
5,1788715218,1269200,14,29,0,0,5,0,3489,4653,6ede00d0-baf4-573f-a0dd-4a503bf7f766,6ede00d0-baf4-573f-a0dd-4a503bf7f766
6,1788715247,1269200,14,29,0,0,6,0,4353,5803,4fa33dcb-5f76-5f76-aea8-330df7ada03e,4fa33dcb-5f76-5f76-aea8-330df7ada03e
7,1788715276,1269200,14,29,0,0,7,0,5217,6956,6ede00d0-baf4-573f-a0dd-4a503bf7f766,6ede00d0-baf4-573f-a0dd-4a503bf7f766
8,1788715304,1269200,14,29,0,0,8,0,6080,8106,4fa33dcb-5f76-5f76-aea8-330df7ada03e,4fa33dcb-5f76-5f76-aea8-330df7ada03e
9,1788715333,1269200,14,29,0,0,9,0,6945,9258,6ede00d0-baf4-573f-a0dd-4a503bf7f766,6ede00d0-baf4-573f-a0dd-4a503bf7f766
10,1788715362,1269204,14,29,0,0,10,0,7810,10412,4fa33dcb-5f76-5f76-aea8-330df7ada03e,4fa33dcb-5f76-5f76-aea8-330df7ada03e
11,1788715391,1269204,14,29,0,0,11,0,8674,11564,6ede00d0-baf4-573f-a0dd-4a503bf7f766,6ede00d0-baf4-573f-a0dd-4a503bf7f766
12,1788715420,1269204,14,29,0,0,12,0,9538,12715,4fa33dcb-5f76-5f76-aea8-330df7ada03e,4fa33dcb-5f76-5f76-aea8-330df7ada03e
13,1788715448,1269204,14,29,0,0,13,0,10402,13867,6ede00d0-baf4-573f-a0dd-4a503bf7f766,6ede00d0-baf4-573f-a0dd-4a503bf7f766
14,1788715477,1269204,14,29,0,0,14,0,11265,15017,4fa33dcb-5f76-5f76-aea8-330df7ada03e,4fa33dcb-5f76-5f76-aea8-330df7ada03e
15,1788715506,1269208,14,29,0,0,15,0,12131,16173,6ede00d0-baf4-573f-a0dd-4a503bf7f766,6ede00d0-baf4-573f-a0dd-4a503bf7f766
16,1788715535,1269208,14,29,0,0,16,0,12995,17324,4fa33dcb-5f76-5f76-aea8-330df7ada03e,4fa33dcb-5f76-5f76-aea8-330df7ada03e
17,1788715563,1269208,14,29,0,0,17,0,13860,18477,6ede00d0-baf4-573f-a0dd-4a503bf7f766,6ede00d0-baf4-573f-a0dd-4a503bf7f766
18,1788715592,1269212,14,29,0,0,18,0,14723,19627,4fa33dcb-5f76-5f76-aea8-330df7ada03e,4fa33dcb-5f76-5f76-aea8-330df7ada03e
19,1788715621,1269212,14,29,0,0,19,0,15587,20779,6ede00d0-baf4-573f-a0dd-4a503bf7f766,6ede00d0-baf4-573f-a0dd-4a503bf7f766
20,1788715650,1269216,14,29,0,0,20,0,16454,21933,4fa33dcb-5f76-5f76-aea8-330df7ada03e,4fa33dcb-5f76-5f76-aea8-330df7ada03e
21,1788715679,1269216,14,29,0,0,21,0,17318,23085,6ede00d0-baf4-573f-a0dd-4a503bf7f766,6ede00d0-baf4-573f-a0dd-4a503bf7f766
22,1788715707,1269216,14,29,0,0,22,0,18181,24236,4fa33dcb-5f76-5f76-aea8-330df7ada03e,4fa33dcb-5f76-5f76-aea8-330df7ada03e
23,1788715736,1269216,14,29,0,0,23,0,19044,25388,6ede00d0-baf4-573f-a0dd-4a503bf7f766,6ede00d0-baf4-573f-a0dd-4a503bf7f766
24,1788715765,1269216,14,29,0,0,24,0,19909,26539,4fa33dcb-5f76-5f76-aea8-330df7ada03e,4fa33dcb-5f76-5f76-aea8-330df7ada03e
25,1788715794,1269216,14,29,0,0,25,0,20778,27700,6ede00d0-baf4-573f-a0dd-4a503bf7f766,6ede00d0-baf4-573f-a0dd-4a503bf7f766
26,1788715823,1269216,14,29,0,0,26,0,21642,28850,4fa33dcb-5f76-5f76-aea8-330df7ada03e,4fa33dcb-5f76-5f76-aea8-330df7ada03e
27,1788715852,1269216,14,29,0,0,27,0,22506,30002,6ede00d0-baf4-573f-a0dd-4a503bf7f766,6ede00d0-baf4-573f-a0dd-4a503bf7f766
28,1788715880,1269216,14,29,0,0,28,0,23369,31152,4fa33dcb-5f76-5f76-aea8-330df7ada03e,4fa33dcb-5f76-5f76-aea8-330df7ada03e
29,1788715909,1269220,14,29,0,0,29,0,24233,32303,6ede00d0-baf4-573f-a0dd-4a503bf7f766,6ede00d0-baf4-573f-a0dd-4a503bf7f766
30,1788715938,1269220,14,29,0,0,30,0,25099,33457,4fa33dcb-5f76-5f76-aea8-330df7ada03e,4fa33dcb-5f76-5f76-aea8-330df7ada03e
31,1788715967,1269220,14,29,0,0,31,0,25963,34609,6ede00d0-baf4-573f-a0dd-4a503bf7f766,6ede00d0-baf4-573f-a0dd-4a503bf7f766
32,1788715996,1269220,14,29,0,0,32,0,26827,35760,4fa33dcb-5f76-5f76-aea8-330df7ada03e,4fa33dcb-5f76-5f76-aea8-330df7ada03e
33,1788716024,1269220,14,29,0,0,33,0,27691,36912,6ede00d0-baf4-573f-a0dd-4a503bf7f766,6ede00d0-baf4-573f-a0dd-4a503bf7f766
34,1788716053,1269220,14,29,0,0,34,0,28554,38062,4fa33dcb-5f76-5f76-aea8-330df7ada03e,4fa33dcb-5f76-5f76-aea8-330df7ada03e
35,1788716082,1269220,14,29,0,0,35,0,29420,39218,6ede00d0-baf4-573f-a0dd-4a503bf7f766,6ede00d0-baf4-573f-a0dd-4a503bf7f766
36,1788716111,1269220,14,29,0,0,36,0,30284,40368,4fa33dcb-5f76-5f76-aea8-330df7ada03e,4fa33dcb-5f76-5f76-aea8-330df7ada03e
37,1788716140,1269220,14,29,0,0,37,0,31149,41522,6ede00d0-baf4-573f-a0dd-4a503bf7f766,6ede00d0-baf4-573f-a0dd-4a503bf7f766
38,1788716168,1269220,14,29,0,0,38,0,32013,42673,4fa33dcb-5f76-5f76-aea8-330df7ada03e,4fa33dcb-5f76-5f76-aea8-330df7ada03e
39,1788716197,1269220,14,29,0,0,39,0,32877,43826,6ede00d0-baf4-573f-a0dd-4a503bf7f766,6ede00d0-baf4-573f-a0dd-4a503bf7f766
40,1788716226,1269220,14,29,0,0,40,0,33747,44984,4fa33dcb-5f76-5f76-aea8-330df7ada03e,4fa33dcb-5f76-5f76-aea8-330df7ada03e
41,1788716255,1269220,14,29,0,0,41,0,34610,46137,6ede00d0-baf4-573f-a0dd-4a503bf7f766,6ede00d0-baf4-573f-a0dd-4a503bf7f766
42,1788716284,1269224,14,29,0,0,42,0,35474,47287,4fa33dcb-5f76-5f76-aea8-330df7ada03e,4fa33dcb-5f76-5f76-aea8-330df7ada03e
43,1788716312,1269224,14,29,0,0,43,0,36338,48440,6ede00d0-baf4-573f-a0dd-4a503bf7f766,6ede00d0-baf4-573f-a0dd-4a503bf7f766
44,1788716341,1269224,14,29,0,0,44,0,37201,49590,4fa33dcb-5f76-5f76-aea8-330df7ada03e,4fa33dcb-5f76-5f76-aea8-330df7ada03e
45,1788716370,1269224,14,29,0,0,45,0,38068,50746,6ede00d0-baf4-573f-a0dd-4a503bf7f766,6ede00d0-baf4-573f-a0dd-4a503bf7f766
46,1788716399,1269224,14,29,0,0,46,0,38931,51896,4fa33dcb-5f76-5f76-aea8-330df7ada03e,4fa33dcb-5f76-5f76-aea8-330df7ada03e
47,1788716428,1269224,14,29,0,0,47,0,39795,53049,6ede00d0-baf4-573f-a0dd-4a503bf7f766,6ede00d0-baf4-573f-a0dd-4a503bf7f766
48,1788716456,1269224,14,29,0,0,48,0,40658,54199,4fa33dcb-5f76-5f76-aea8-330df7ada03e,4fa33dcb-5f76-5f76-aea8-330df7ada03e
49,1788716485,1269224,14,29,0,0,49,0,41522,55351,6ede00d0-baf4-573f-a0dd-4a503bf7f766,6ede00d0-baf4-573f-a0dd-4a503bf7f766
50,1788716514,1269224,14,29,0,0,50,0,42388,56505,4fa33dcb-5f76-5f76-aea8-330df7ada03e,4fa33dcb-5f76-5f76-aea8-330df7ada03e
51,1788716543,1269224,14,29,0,0,51,0,43252,57658,6ede00d0-baf4-573f-a0dd-4a503bf7f766,6ede00d0-baf4-573f-a0dd-4a503bf7f766
52,1788716572,1269224,14,29,0,0,52,0,44116,58809,4fa33dcb-5f76-5f76-aea8-330df7ada03e,4fa33dcb-5f76-5f76-aea8-330df7ada03e
53,1788716600,1269224,14,29,0,0,53,0,44980,59961,6ede00d0-baf4-573f-a0dd-4a503bf7f766,6ede00d0-baf4-573f-a0dd-4a503bf7f766
54,1788716629,1269224,14,29,0,0,54,0,45843,61111,4fa33dcb-5f76-5f76-aea8-330df7ada03e,4fa33dcb-5f76-5f76-aea8-330df7ada03e
55,1788716658,1269224,14,29,0,0,55,0,46713,62272,6ede00d0-baf4-573f-a0dd-4a503bf7f766,6ede00d0-baf4-573f-a0dd-4a503bf7f766
56,1788716687,1269224,14,29,0,0,56,0,47577,63422,4fa33dcb-5f76-5f76-aea8-330df7ada03e,4fa33dcb-5f76-5f76-aea8-330df7ada03e
57,1788716716,1269232,14,29,0,0,57,0,48440,64574,6ede00d0-baf4-573f-a0dd-4a503bf7f766,6ede00d0-baf4-573f-a0dd-4a503bf7f766
58,1788716744,1269232,14,29,0,0,58,0,49304,65725,4fa33dcb-5f76-5f76-aea8-330df7ada03e,4fa33dcb-5f76-5f76-aea8-330df7ada03e
59,1788716773,1269232,14,29,0,0,59,0,50168,66878,6ede00d0-baf4-573f-a0dd-4a503bf7f766,6ede00d0-baf4-573f-a0dd-4a503bf7f766
60,1788716802,1269232,14,29,0,0,60,0,51035,68032,4fa33dcb-5f76-5f76-aea8-330df7ada03e,4fa33dcb-5f76-5f76-aea8-330df7ada03e
