ts,pid,VmSize_kb,VmRSS_kb,VmData_kb,VmPeak_kb,VmSwap_kb,RssAnon_kb,RssFile_kb,RssShmem_kb,Threads,Rss_kb,Pss_kb,Pss_Anon_kb,Pss_File_kb,Pss_Shmem_kb,Private_Clean_kb,Private_Dirty_kb,Shared_Clean_kb,Shared_Dirty_kb,Anonymous_kb,AnonHugePages_kb,Swap_kb,SwapPss_kb,statm_size_pg,statm_resident_pg,statm_shared_pg,statm_text_pg,statm_lib_pg,statm_data_pg,statm_dt_pg
1789000747,1923127,649312,374240,449596,747136,0,358992,15248,0,12,374240,365643,358992,6651,0,3804,358992,11444,0,358992,0,0,0,162328,93560,3812,741,0,112432,0
1789000777,1923127,2888904,1248860,1476792,2954440,0,1232292,16560,8,29,1248860,1239874,1232292,7578,4,4344,1232292,12216,8,1232292,0,0,0,722226,312215,4142,741,0,369231,0
1789000807,1923127,2888904,1271116,1493412,2954440,0,1254548,16560,8,29,1271116,1262130,1254548,7578,4,4344,1254548,12216,8,1254548,0,0,0,722226,317779,4142,741,0,373386,0
1789000837,1923127,2888904,1271132,1493412,2954440,0,1254564,16560,8,29,1271132,1262146,1254564,7578,4,4344,1254564,12216,8,1254564,0,0,0,722226,317783,4142,741,0,373386,0
1789000867,1923127,2888904,1271132,1493412,2954440,0,1254564,16560,8,29,1271132,1262146,1254564,7578,4,4344,1254564,12216,8,1254564,0,0,0,722226,317783,4142,741,0,373386,0
1789000897,1923127,2888904,1271132,1493412,2954440,0,1254564,16560,8,29,1271132,1262145,1254564,7577,4,4344,1254564,12216,8,1254564,0,0,0,722226,317783,4142,741,0,373386,0
1789000927,1923127,2888904,1271132,1493412,2954440,0,1254564,16560,8,29,1271132,1262147,1254564,7579,4,4344,1254564,12216,8,1254564,0,0,0,722226,317783,4142,741,0,373386,0
1789000957,1923127,2888904,1271136,1493412,2954440,0,1254568,16560,8,29,1271136,1262149,1254568,7577,4,4344,1254568,12216,8,1254568,0,0,0,722226,317784,4142,741,0,373386,0
1789000987,1923127,2888904,1271136,1493412,2954440,0,1254568,16560,8,29,1271136,1262149,1254568,7577,4,4344,1254568,12216,8,1254568,0,0,0,722226,317784,4142,741,0,373386,0
1789001017,1923127,2888904,1271136,1493412,2954440,0,1254568,16560,8,29,1271136,1262150,1254568,7578,4,4344,1254568,12216,8,1254568,0,0,0,722226,317784,4142,741,0,373386,0
1789001047,1923127,2888904,1271136,1493412,2954440,0,1254568,16560,8,29,1271136,1262150,1254568,7578,4,4344,1254568,12216,8,1254568,0,0,0,722226,317784,4142,741,0,373386,0
1789001077,1923127,2888904,1271136,1493412,2954440,0,1254568,16560,8,29,1271136,1262150,1254568,7578,4,4344,1254568,12216,8,1254568,0,0,0,722226,317784,4142,741,0,373386,0
1789001107,1923127,2888904,1271136,1493412,2954440,0,1254568,16560,8,29,1271136,1262150,1254568,7578,4,4344,1254568,12216,8,1254568,0,0,0,722226,317784,4142,741,0,373386,0
1789001138,1923127,2888904,1271136,1493412,2954440,0,1254568,16560,8,29,1271136,1262150,1254568,7578,4,4344,1254568,12216,8,1254568,0,0,0,722226,317784,4142,741,0,373386,0
1789001168,1923127,2888904,1271140,1493412,2954440,0,1254572,16560,8,29,1271140,1262155,1254572,7579,4,4344,1254572,12216,8,1254572,0,0,0,722226,317785,4142,741,0,373386,0
1789001198,1923127,2888904,1271140,1493412,2954440,0,1254572,16560,8,29,1271140,1262155,1254572,7579,4,4344,1254572,12216,8,1254572,0,0,0,722226,317785,4142,741,0,373386,0
1789001228,1923127,2888904,1271144,1493412,2954440,0,1254576,16560,8,29,1271144,1262159,1254576,7579,4,4344,1254576,12216,8,1254576,0,0,0,722226,317786,4142,741,0,373386,0
1789001258,1923127,2888904,1271144,1493412,2954440,0,1254576,16560,8,29,1271144,1262158,1254576,7578,4,4344,1254576,12216,8,1254576,0,0,0,722226,317786,4142,741,0,373386,0
1789001288,1923127,2888904,1271144,1493412,2954440,0,1254576,16560,8,29,1271144,1262158,1254576,7578,4,4344,1254576,12216,8,1254576,0,0,0,722226,317786,4142,741,0,373386,0
1789001318,1923127,2888904,1271144,1493412,2954440,0,1254576,16560,8,29,1271144,1262158,1254576,7578,4,4344,1254576,12216,8,1254576,0,0,0,722226,317786,4142,741,0,373386,0
1789001348,1923127,2888904,1271144,1493412,2954440,0,1254576,16560,8,29,1271144,1262158,1254576,7578,4,4344,1254576,12216,8,1254576,0,0,0,722226,317786,4142,741,0,373386,0
1789001378,1923127,2888904,1271144,1493412,2954440,0,1254576,16560,8,29,1271144,1262158,1254576,7578,4,4344,1254576,12216,8,1254576,0,0,0,722226,317786,4142,741,0,373386,0
1789001408,1923127,2888904,1271144,1493412,2954440,0,1254576,16560,8,29,1271144,1262157,1254576,7577,4,4344,1254576,12216,8,1254576,0,0,0,722226,317786,4142,741,0,373386,0
1789001438,1923127,2888904,1271144,1493412,2954440,0,1254576,16560,8,29,1271144,1262157,1254576,7577,4,4344,1254576,12216,8,1254576,0,0,0,722226,317786,4142,741,0,373386,0
1789001468,1923127,2888904,1271144,1493412,2954440,0,1254576,16560,8,29,1271144,1262158,1254576,7578,4,4344,1254576,12216,8,1254576,0,0,0,722226,317786,4142,741,0,373386,0
1789001498,1923127,2888904,1271160,1493412,2954440,0,1254592,16560,8,29,1271160,1262173,1254592,7577,4,4344,1254592,12216,8,1254592,0,0,0,722226,317790,4142,741,0,373386,0
1789001528,1923127,2888916,1271172,1493420,2954440,0,1254604,16560,8,30,1271160,1262176,1254592,7580,4,4344,1254592,12216,8,1254592,0,0,0,722226,317790,4142,741,0,373386,0
1789001558,1923127,2888904,1271164,1493412,2954440,0,1254596,16560,8,29,1271164,1262179,1254596,7579,4,4344,1254596,12216,8,1254596,0,0,0,722226,317791,4142,741,0,373386,0
1789001588,1923127,2888904,1271164,1493412,2954440,0,1254596,16560,8,29,1271164,1262178,1254596,7578,4,4344,1254596,12216,8,1254596,0,0,0,722226,317791,4142,741,0,373386,0
1789001618,1923127,2888904,1271164,1493412,2954440,0,1254596,16560,8,29,1271164,1262178,1254596,7578,4,4344,1254596,12216,8,1254596,0,0,0,722226,317791,4142,741,0,373386,0
1789001648,1923127,2888904,1271164,1493412,2954440,0,1254596,16560,8,29,1271164,1262178,1254596,7578,4,4344,1254596,12216,8,1254596,0,0,0,722226,317791,4142,741,0,373386,0
1789001678,1923127,2888904,1271168,1493412,2954440,0,1254600,16560,8,29,1271168,1262183,1254600,7579,4,4344,1254600,12216,8,1254600,0,0,0,722226,317792,4142,741,0,373386,0
1789001708,1923127,2888904,1271168,1493412,2954440,0,1254600,16560,8,29,1271168,1262183,1254600,7579,4,4344,1254600,12216,8,1254600,0,0,0,722226,317792,4142,741,0,373386,0
1789001738,1923127,2888904,1271168,1493412,2954440,0,1254600,16560,8,29,1271168,1262182,1254600,7578,4,4344,1254600,12216,8,1254600,0,0,0,722226,317792,4142,741,0,373386,0
1789001768,1923127,2888904,1271168,1493412,2954440,0,1254600,16560,8,29,1271168,1262182,1254600,7578,4,4344,1254600,12216,8,1254600,0,0,0,722226,317792,4142,741,0,373386,0
1789001798,1923127,2888904,1271168,1493412,2954440,0,1254600,16560,8,29,1271168,1262183,1254600,7579,4,4344,1254600,12216,8,1254600,0,0,0,722226,317792,4142,741,0,373386,0
1789001828,1923127,2888904,1271168,1493412,2954440,0,1254600,16560,8,29,1271168,1262181,1254600,7577,4,4344,1254600,12216,8,1254600,0,0,0,722226,317792,4142,741,0,373386,0
1789001858,1923127,2888904,1271168,1493412,2954440,0,1254600,16560,8,29,1271168,1262182,1254600,7578,4,4344,1254600,12216,8,1254600,0,0,0,722226,317792,4142,741,0,373386,0
1789001888,1923127,2888904,1271168,1493412,2954440,0,1254600,16560,8,29,1271168,1262181,1254600,7577,4,4344,1254600,12216,8,1254600,0,0,0,722226,317792,4142,741,0,373386,0
1789001918,1923127,2888904,1271168,1493412,2954440,0,1254600,16560,8,29,1271168,1262181,1254600,7577,4,4344,1254600,12216,8,1254600,0,0,0,722226,317792,4142,741,0,373386,0
1789001948,1923127,2888904,1271168,1493412,2954440,0,1254600,16560,8,29,1271168,1262182,1254600,7578,4,4344,1254600,12216,8,1254600,0,0,0,722226,317792,4142,741,0,373386,0
1789001978,1923127,2888904,1271168,1493412,2954440,0,1254600,16560,8,29,1271168,1262182,1254600,7578,4,4344,1254600,12216,8,1254600,0,0,0,722226,317792,4142,741,0,373386,0
1789002008,1923127,2888904,1271168,1493412,2954440,0,1254600,16560,8,29,1271168,1262183,1254600,7579,4,4344,1254600,12216,8,1254600,0,0,0,722226,317792,4142,741,0,373386,0
1789002038,1923127,2888904,1271168,1493412,2954440,0,1254600,16560,8,29,1271168,1262182,1254600,7578,4,4344,1254600,12216,8,1254600,0,0,0,722226,317792,4142,741,0,373386,0
1789002068,1923127,2888904,1271168,1493412,2954440,0,1254600,16560,8,29,1271168,1262183,1254600,7579,4,4344,1254600,12216,8,1254600,0,0,0,722226,317792,4142,741,0,373386,0
1789002098,1923127,2888904,1271168,1493412,2954440,0,1254600,16560,8,29,1271168,1262183,1254600,7579,4,4344,1254600,12216,8,1254600,0,0,0,722226,317792,4142,741,0,373386,0
1789002128,1923127,2888904,1271172,1493412,2954440,0,1254604,16560,8,29,1271172,1262186,1254604,7578,4,4344,1254604,12216,8,1254604,0,0,0,722226,317793,4142,741,0,373386,0
1789002159,1923127,2888904,1271172,1493412,2954440,0,1254604,16560,8,29,1271172,1262187,1254604,7579,4,4344,1254604,12216,8,1254604,0,0,0,722226,317793,4142,741,0,373386,0
1789002188,1923127,2888904,1271172,1493412,2954440,0,1254604,16560,8,29,1271172,1262177,1254604,7569,4,4344,1254604,12216,8,1254604,0,0,0,722226,317793,4142,741,0,373386,0
1789002218,1923127,2888904,1271172,1493412,2954440,0,1254604,16560,8,29,1271172,1262185,1254604,7577,4,4344,1254604,12216,8,1254604,0,0,0,722226,317793,4142,741,0,373386,0
1789002248,1923127,2888904,1271172,1493412,2954440,0,1254604,16560,8,29,1271172,1262187,1254604,7579,4,4344,1254604,12216,8,1254604,0,0,0,722226,317793,4142,741,0,373386,0
1789002278,1923127,2888904,1271172,1493412,2954440,0,1254604,16560,8,29,1271172,1262186,1254604,7578,4,4344,1254604,12216,8,1254604,0,0,0,722226,317793,4142,741,0,373386,0
1789002308,1923127,2888904,1271172,1493412,2954440,0,1254604,16560,8,29,1271172,1262185,1254604,7577,4,4344,1254604,12216,8,1254604,0,0,0,722226,317793,4142,741,0,373386,0
1789002338,1923127,2888904,1271172,1493412,2954440,0,1254604,16560,8,29,1271172,1262185,1254604,7577,4,4344,1254604,12216,8,1254604,0,0,0,722226,317793,4142,741,0,373386,0
1789002368,1923127,2888904,1271180,1493412,2954440,0,1254612,16560,8,29,1271180,1262193,1254612,7577,4,4344,1254612,12216,8,1254612,0,0,0,722226,317795,4142,741,0,373386,0
1789002398,1923127,2888904,1271180,1493412,2954440,0,1254612,16560,8,29,1271180,1262193,1254612,7577,4,4344,1254612,12216,8,1254612,0,0,0,722226,317795,4142,741,0,373386,0
1789002428,1923127,2888904,1271180,1493412,2954440,0,1254612,16560,8,29,1271180,1262195,1254612,7579,4,4344,1254612,12216,8,1254612,0,0,0,722226,317795,4142,741,0,373386,0
1789002458,1923127,2888904,1271180,1493412,2954440,0,1254612,16560,8,29,1271180,1262195,1254612,7579,4,4344,1254612,12216,8,1254612,0,0,0,722226,317795,4142,741,0,373386,0
1789002488,1923127,2888904,1271180,1493412,2954440,0,1254612,16560,8,29,1271180,1262195,1254612,7579,4,4344,1254612,12216,8,1254612,0,0,0,722226,317795,4142,741,0,373386,0
1789002518,1923127,2888904,1271184,1493412,2954440,0,1254616,16560,8,29,1271184,1262198,1254616,7578,4,4344,1254616,12216,8,1254616,0,0,0,722226,317796,4142,741,0,373386,0
1789002549,1923127,2888904,1271184,1493412,2954440,0,1254616,16560,8,29,1271184,1262198,1254616,7578,4,4344,1254616,12216,8,1254616,0,0,0,722226,317796,4142,741,0,373386,0
1789002579,1923127,2888904,1271184,1493412,2954440,0,1254616,16560,8,29,1271184,1262198,1254616,7578,4,4344,1254616,12216,8,1254616,0,0,0,722226,317796,4142,741,0,373386,0
1789002609,1923127,2888904,1271184,1493412,2954440,0,1254616,16560,8,29,1271184,1262198,1254616,7578,4,4344,1254616,12216,8,1254616,0,0,0,722226,317796,4142,741,0,373386,0
1789002639,1923127,2888904,1271184,1493412,2954440,0,1254616,16560,8,29,1271184,1262199,1254616,7579,4,4344,1254616,12216,8,1254616,0,0,0,722226,317796,4142,741,0,373386,0
1789002669,1923127,2888904,1271184,1493412,2954440,0,1254616,16560,8,29,1271184,1262198,1254616,7578,4,4344,1254616,12216,8,1254616,0,0,0,722226,317796,4142,741,0,373386,0
1789002699,1923127,2888904,1271184,1493412,2954440,0,1254616,16560,8,29,1271184,1262197,1254616,7577,4,4344,1254616,12216,8,1254616,0,0,0,722226,317796,4142,741,0,373386,0
1789002729,1923127,2888904,1271184,1493412,2954440,0,1254616,16560,8,29,1271184,1262197,1254616,7577,4,4344,1254616,12216,8,1254616,0,0,0,722226,317796,4142,741,0,373386,0
1789002759,1923127,2888904,1271184,1493412,2954440,0,1254616,16560,8,29,1271184,1262197,1254616,7577,4,4344,1254616,12216,8,1254616,0,0,0,722226,317796,4142,741,0,373386,0
1789002790,1923127,2888904,1271184,1493412,2954440,0,1254616,16560,8,29,1271184,1262194,1254616,7574,4,4344,1254616,12216,8,1254616,0,0,0,722226,317796,4142,741,0,373386,0
1789002819,1923127,2888904,1271184,1493412,2954440,0,1254616,16560,8,29,1271184,1262197,1254616,7577,4,4344,1254616,12216,8,1254616,0,0,0,722226,317796,4142,741,0,373386,0
1789002849,1923127,2888904,1271184,1493412,2954440,0,1254616,16560,8,29,1271184,1262198,1254616,7578,4,4344,1254616,12216,8,1254616,0,0,0,722226,317796,4142,741,0,373386,0
1789002879,1923127,2888904,1271184,1493412,2954440,0,1254616,16560,8,29,1271184,1262199,1254616,7579,4,4344,1254616,12216,8,1254616,0,0,0,722226,317796,4142,741,0,373386,0
1789002909,1923127,2888904,1271184,1493412,2954440,0,1254616,16560,8,29,1271184,1262199,1254616,7579,4,4344,1254616,12216,8,1254616,0,0,0,722226,317796,4142,741,0,373386,0
1789002939,1923127,2888904,1271184,1493412,2954440,0,1254616,16560,8,29,1271184,1262199,1254616,7579,4,4344,1254616,12216,8,1254616,0,0,0,722226,317796,4142,741,0,373386,0
1789002969,1923127,2888904,1271184,1493412,2954440,0,1254616,16560,8,29,1271184,1262198,1254616,7578,4,4344,1254616,12216,8,1254616,0,0,0,722226,317796,4142,741,0,373386,0
1789002999,1923127,2888904,1271188,1493412,2954440,0,1254620,16560,8,29,1271188,1262202,1254620,7578,4,4344,1254620,12216,8,1254620,0,0,0,722226,317797,4142,741,0,373386,0
1789003029,1923127,2888904,1271188,1493412,2954440,0,1254620,16560,8,29,1271188,1262202,1254620,7578,4,4344,1254620,12216,8,1254620,0,0,0,722226,317797,4142,741,0,373386,0
1789003059,1923127,2888904,1271188,1493412,2954440,0,1254620,16560,8,29,1271188,1262202,1254620,7578,4,4344,1254620,12216,8,1254620,0,0,0,722226,317797,4142,741,0,373386,0
1789003089,1923127,2888904,1271188,1493412,2954440,0,1254620,16560,8,29,1271188,1262203,1254620,7579,4,4344,1254620,12216,8,1254620,0,0,0,722226,317797,4142,741,0,373386,0
1789003119,1923127,2888904,1271188,1493412,2954440,0,1254620,16560,8,29,1271188,1262202,1254620,7578,4,4344,1254620,12216,8,1254620,0,0,0,722226,317797,4142,741,0,373386,0
1789003149,1923127,2888904,1271188,1493412,2954440,0,1254620,16560,8,29,1271188,1262202,1254620,7578,4,4344,1254620,12216,8,1254620,0,0,0,722226,317797,4142,741,0,373386,0
1789003179,1923127,2888904,1271188,1493412,2954440,0,1254620,16560,8,29,1271188,1262201,1254620,7577,4,4344,1254620,12216,8,1254620,0,0,0,722226,317797,4142,741,0,373386,0
1789003209,1923127,2888904,1271188,1493412,2954440,0,1254620,16560,8,29,1271188,1262201,1254620,7577,4,4344,1254620,12216,8,1254620,0,0,0,722226,317797,4142,741,0,373386,0
1789003239,1923127,2888904,1271188,1493412,2954440,0,1254620,16560,8,29,1271188,1262203,1254620,7579,4,4344,1254620,12216,8,1254620,0,0,0,722226,317797,4142,741,0,373386,0
1789003269,1923127,2888904,1271188,1493412,2954440,0,1254620,16560,8,29,1271188,1262203,1254620,7579,4,4344,1254620,12216,8,1254620,0,0,0,722226,317797,4142,741,0,373386,0
1789003299,1923127,2888904,1271188,1493412,2954440,0,1254620,16560,8,29,1271188,1262202,1254620,7578,4,4344,1254620,12216,8,1254620,0,0,0,722226,317797,4142,741,0,373386,0
1789003329,1923127,2888904,1271188,1493412,2954440,0,1254620,16560,8,29,1271188,1262203,1254620,7579,4,4344,1254620,12216,8,1254620,0,0,0,722226,317797,4142,741,0,373386,0
1789003360,1923127,2888904,1271188,1493412,2954440,0,1254620,16560,8,29,1271188,1262202,1254620,7578,4,4344,1254620,12216,8,1254620,0,0,0,722226,317797,4142,741,0,373386,0
1789003390,1923127,2888904,1271188,1493412,2954440,0,1254620,16560,8,29,1271188,1262190,1254620,7566,4,4344,1254620,12216,8,1254620,0,0,0,722226,317797,4142,741,0,373386,0
1789003420,1923127,2888904,1271188,1493412,2954440,0,1254620,16560,8,29,1271188,1262202,1254620,7578,4,4344,1254620,12216,8,1254620,0,0,0,722226,317797,4142,741,0,373386,0
1789003451,1923127,2888904,1271188,1493412,2954440,0,1254620,16560,8,29,1271188,1262202,1254620,7578,4,4344,1254620,12216,8,1254620,0,0,0,722226,317797,4142,741,0,373386,0
1789003481,1923127,2888904,1271188,1493412,2954440,0,1254620,16560,8,29,1271188,1262203,1254620,7579,4,4344,1254620,12216,8,1254620,0,0,0,722226,317797,4142,741,0,373386,0
1789003511,1923127,2888904,1271188,1493412,2954440,0,1254620,16560,8,29,1271188,1262202,1254620,7578,4,4344,1254620,12216,8,1254620,0,0,0,722226,317797,4142,741,0,373386,0
1789003541,1923127,2888904,1271188,1493412,2954440,0,1254620,16560,8,29,1271188,1262203,1254620,7579,4,4344,1254620,12216,8,1254620,0,0,0,722226,317797,4142,741,0,373386,0
1789003571,1923127,2888904,1271188,1493412,2954440,0,1254620,16560,8,29,1271188,1262202,1254620,7578,4,4344,1254620,12216,8,1254620,0,0,0,722226,317797,4142,741,0,373386,0
1789003601,1923127,2888904,1271192,1493412,2954440,0,1254624,16560,8,29,1271192,1262208,1254624,7580,4,4344,1254624,12216,8,1254624,0,0,0,722226,317798,4142,741,0,373386,0
1789003631,1923127,2888904,1271192,1493412,2954440,0,1254624,16560,8,29,1271192,1262206,1254624,7578,4,4344,1254624,12216,8,1254624,0,0,0,722226,317798,4142,741,0,373386,0
1789003661,1923127,2888904,1271192,1493412,2954440,0,1254624,16560,8,29,1271192,1262206,1254624,7578,4,4344,1254624,12216,8,1254624,0,0,0,722226,317798,4142,741,0,373386,0
1789003691,1923127,2888904,1271192,1493412,2954440,0,1254624,16560,8,29,1271192,1262205,1254624,7577,4,4344,1254624,12216,8,1254624,0,0,0,722226,317798,4142,741,0,373386,0
1789003721,1923127,2888904,1271192,1493412,2954440,0,1254624,16560,8,29,1271192,1262205,1254624,7577,4,4344,1254624,12216,8,1254624,0,0,0,722226,317798,4142,741,0,373386,0
1789003751,1923127,2888904,1271192,1493412,2954440,0,1254624,16560,8,29,1271192,1262206,1254624,7578,4,4344,1254624,12216,8,1254624,0,0,0,722226,317798,4142,741,0,373386,0
1789003781,1923127,2888904,1271192,1493412,2954440,0,1254624,16560,8,29,1271192,1262206,1254624,7578,4,4344,1254624,12216,8,1254624,0,0,0,722226,317798,4142,741,0,373386,0
1789003811,1923127,2888904,1271192,1493412,2954440,0,1254624,16560,8,29,1271192,1262207,1254624,7579,4,4344,1254624,12216,8,1254624,0,0,0,722226,317798,4142,741,0,373386,0
1789003841,1923127,2888904,1271192,1493412,2954440,0,1254624,16560,8,29,1271192,1262207,1254624,7579,4,4344,1254624,12216,8,1254624,0,0,0,722226,317798,4142,741,0,373386,0
1789003871,1923127,2888904,1271192,1493412,2954440,0,1254624,16560,8,29,1271192,1262209,1254624,7581,4,4344,1254624,12216,8,1254624,0,0,0,722226,317798,4142,741,0,373386,0
1789003901,1923127,2888904,1271192,1493412,2954440,0,1254624,16560,8,29,1271192,1262206,1254624,7578,4,4344,1254624,12216,8,1254624,0,0,0,722226,317798,4142,741,0,373386,0
1789003931,1923127,2888904,1271192,1493412,2954440,0,1254624,16560,8,29,1271192,1262207,1254624,7579,4,4344,1254624,12216,8,1254624,0,0,0,722226,317798,4142,741,0,373386,0
1789003961,1923127,2888904,1271192,1493412,2954440,0,1254624,16560,8,29,1271192,1262206,1254624,7578,4,4344,1254624,12216,8,1254624,0,0,0,722226,317798,4142,741,0,373386,0
1789003991,1923127,2888904,1271208,1493412,2954440,0,1254640,16560,8,29,1271208,1262222,1254640,7578,4,4344,1254640,12216,8,1254640,0,0,0,722226,317802,4142,741,0,373386,0
1789004021,1923127,2888904,1271208,1493412,2954440,0,1254640,16560,8,29,1271208,1262222,1254640,7578,4,4344,1254640,12216,8,1254640,0,0,0,722226,317802,4142,741,0,373386,0
1789004051,1923127,2888904,1271208,1493412,2954440,0,1254640,16560,8,29,1271208,1262222,1254640,7578,4,4344,1254640,12216,8,1254640,0,0,0,722226,317802,4142,741,0,373386,0
1789004081,1923127,2888904,1271208,1493412,2954440,0,1254640,16560,8,29,1271208,1262222,1254640,7578,4,4344,1254640,12216,8,1254640,0,0,0,722226,317802,4142,741,0,373386,0
1789004111,1923127,2888904,1271208,1493412,2954440,0,1254640,16560,8,29,1271208,1262221,1254640,7577,4,4344,1254640,12216,8,1254640,0,0,0,722226,317802,4142,741,0,373386,0
1789004141,1923127,2888904,1271208,1493412,2954440,0,1254640,16560,8,29,1271208,1262221,1254640,7577,4,4344,1254640,12216,8,1254640,0,0,0,722226,317802,4142,741,0,373386,0
1789004171,1923127,2888904,1271208,1493412,2954440,0,1254640,16560,8,29,1271208,1262221,1254640,7577,4,4344,1254640,12216,8,1254640,0,0,0,722226,317802,4142,741,0,373386,0
1789004201,1923127,2888904,1271208,1493412,2954440,0,1254640,16560,8,29,1271208,1262221,1254640,7577,4,4344,1254640,12216,8,1254640,0,0,0,722226,317802,4142,741,0,373386,0
1789004231,1923127,2888904,1271208,1493412,2954440,0,1254640,16560,8,29,1271208,1262222,1254640,7578,4,4344,1254640,12216,8,1254640,0,0,0,722226,317802,4142,741,0,373386,0
1789004261,1923127,2888904,1271208,1493412,2954440,0,1254640,16560,8,29,1271208,1262223,1254640,7579,4,4344,1254640,12216,8,1254640,0,0,0,722226,317802,4142,741,0,373386,0
1789004291,1923127,2888904,1271208,1493412,2954440,0,1254640,16560,8,29,1271208,1262223,1254640,7579,4,4344,1254640,12216,8,1254640,0,0,0,722226,317802,4142,741,0,373386,0
1789004321,1923127,2888904,1271212,1493412,2954440,0,1254644,16560,8,29,1271212,1262227,1254644,7579,4,4344,1254644,12216,8,1254644,0,0,0,722226,317803,4142,741,0,373386,0
1789004351,1923127,2888904,1271212,1493412,2954440,0,1254644,16560,8,29,1271212,1262226,1254644,7578,4,4344,1254644,12216,8,1254644,0,0,0,722226,317803,4142,741,0,373386,0
1789004381,1923127,2888904,1271212,1493412,2954440,0,1254644,16560,8,29,1271212,1262226,1254644,7578,4,4344,1254644,12216,8,1254644,0,0,0,722226,317803,4142,741,0,373386,0
1789004411,1923127,2888904,1271212,1493412,2954440,0,1254644,16560,8,29,1271212,1262226,1254644,7578,4,4344,1254644,12216,8,1254644,0,0,0,722226,317803,4142,741,0,373386,0
1789004441,1923127,2888904,1271212,1493412,2954440,0,1254644,16560,8,29,1271212,1262226,1254644,7578,4,4344,1254644,12216,8,1254644,0,0,0,722226,317803,4142,741,0,373386,0
1789004471,1923127,2888904,1271212,1493412,2954440,0,1254644,16560,8,29,1271212,1262230,1254644,7582,4,4344,1254644,12216,8,1254644,0,0,0,722226,317803,4142,741,0,373386,0
1789004501,1923127,2888904,1271212,1493412,2954440,0,1254644,16560,8,29,1271212,1262227,1254644,7579,4,4344,1254644,12216,8,1254644,0,0,0,722226,317803,4142,741,0,373386,0
1789004531,1923127,2888904,1271212,1493412,2954440,0,1254644,16560,8,29,1271212,1262225,1254644,7577,4,4344,1254644,12216,8,1254644,0,0,0,722226,317803,4142,741,0,373386,0
1789004561,1923127,2888904,1271212,1493412,2954440,0,1254644,16560,8,29,1271212,1262225,1254644,7577,4,4344,1254644,12216,8,1254644,0,0,0,722226,317803,4142,741,0,373386,0
1789004591,1923127,2888904,1271212,1493412,2954440,0,1254644,16560,8,29,1271212,1262226,1254644,7578,4,4344,1254644,12216,8,1254644,0,0,0,722226,317803,4142,741,0,373386,0
1789004621,1923127,2888904,1271212,1493412,2954440,0,1254644,16560,8,29,1271212,1262225,1254644,7577,4,4344,1254644,12216,8,1254644,0,0,0,722226,317803,4142,741,0,373386,0
1789004651,1923127,2888904,1271216,1493412,2954440,0,1254648,16560,8,29,1271216,1262229,1254648,7577,4,4344,1254648,12216,8,1254648,0,0,0,722226,317804,4142,741,0,373386,0
1789004681,1923127,2888904,1271216,1493412,2954440,0,1254648,16560,8,29,1271216,1262230,1254648,7578,4,4344,1254648,12216,8,1254648,0,0,0,722226,317804,4142,741,0,373386,0
1789004711,1923127,2888904,1271216,1493412,2954440,0,1254648,16560,8,29,1271216,1262230,1254648,7578,4,4344,1254648,12216,8,1254648,0,0,0,722226,317804,4142,741,0,373386,0
1789004741,1923127,2888904,1271216,1493412,2954440,0,1254648,16560,8,29,1271216,1262230,1254648,7578,4,4344,1254648,12216,8,1254648,0,0,0,722226,317804,4142,741,0,373386,0
1789004771,1923127,2888904,1271216,1493412,2954440,0,1254648,16560,8,29,1271216,1262231,1254648,7579,4,4344,1254648,12216,8,1254648,0,0,0,722226,317804,4142,741,0,373386,0
1789004802,1923127,2888904,1271216,1493412,2954440,0,1254648,16560,8,29,1271216,1262230,1254648,7578,4,4344,1254648,12216,8,1254648,0,0,0,722226,317804,4142,741,0,373386,0
1789004831,1923127,2888904,1271216,1493412,2954440,0,1254648,16560,8,29,1271216,1262231,1254648,7579,4,4344,1254648,12216,8,1254648,0,0,0,722226,317804,4142,741,0,373386,0
1789004861,1923127,2888904,1271216,1493412,2954440,0,1254648,16560,8,29,1271216,1262230,1254648,7578,4,4344,1254648,12216,8,1254648,0,0,0,722226,317804,4142,741,0,373386,0
1789004891,1923127,2888904,1271216,1493412,2954440,0,1254648,16560,8,29,1271216,1262231,1254648,7579,4,4344,1254648,12216,8,1254648,0,0,0,722226,317804,4142,741,0,373386,0
1789004921,1923127,2888904,1271216,1493412,2954440,0,1254648,16560,8,29,1271216,1262232,1254648,7580,4,4344,1254648,12216,8,1254648,0,0,0,722226,317804,4142,741,0,373386,0
1789004951,1923127,2888904,1271216,1493412,2954440,0,1254648,16560,8,29,1271216,1262229,1254648,7577,4,4344,1254648,12216,8,1254648,0,0,0,722226,317804,4142,741,0,373386,0
1789004981,1923127,2888904,1271216,1493412,2954440,0,1254648,16560,8,29,1271216,1262229,1254648,7577,4,4344,1254648,12216,8,1254648,0,0,0,722226,317804,4142,741,0,373386,0
1789005011,1923127,2888904,1271216,1493412,2954440,0,1254648,16560,8,29,1271216,1262229,1254648,7577,4,4344,1254648,12216,8,1254648,0,0,0,722226,317804,4142,741,0,373386,0
1789005041,1923127,2888904,1271216,1493412,2954440,0,1254648,16560,8,29,1271216,1262230,1254648,7578,4,4344,1254648,12216,8,1254648,0,0,0,722226,317804,4142,741,0,373386,0
1789005071,1923127,2888904,1271216,1493412,2954440,0,1254648,16560,8,29,1271216,1262229,1254648,7577,4,4344,1254648,12216,8,1254648,0,0,0,722226,317804,4142,741,0,373386,0
1789005101,1923127,2888904,1271216,1493412,2954440,0,1254648,16560,8,29,1271216,1262230,1254648,7578,4,4344,1254648,12216,8,1254648,0,0,0,722226,317804,4142,741,0,373386,0
1789005131,1923127,2888904,1271216,1493412,2954440,0,1254648,16560,8,29,1271216,1262231,1254648,7579,4,4344,1254648,12216,8,1254648,0,0,0,722226,317804,4142,741,0,373386,0
1789005161,1923127,2888904,1271216,1493412,2954440,0,1254648,16560,8,29,1271216,1262230,1254648,7578,4,4344,1254648,12216,8,1254648,0,0,0,722226,317804,4142,741,0,373386,0
1789005191,1923127,2888904,1271216,1493412,2954440,0,1254648,16560,8,29,1271216,1262231,1254648,7579,4,4344,1254648,12216,8,1254648,0,0,0,722226,317804,4142,741,0,373386,0
1789005221,1923127,2888904,1271216,1493412,2954440,0,1254648,16560,8,29,1271216,1262231,1254648,7579,4,4344,1254648,12216,8,1254648,0,0,0,722226,317804,4142,741,0,373386,0
1789005251,1923127,2888904,1271216,1493412,2954440,0,1254648,16560,8,29,1271216,1262230,1254648,7578,4,4344,1254648,12216,8,1254648,0,0,0,722226,317804,4142,741,0,373386,0
1789005281,1923127,2888904,1271216,1493412,2954440,0,1254648,16560,8,29,1271216,1262231,1254648,7579,4,4344,1254648,12216,8,1254648,0,0,0,722226,317804,4142,741,0,373386,0
1789005311,1923127,2888904,1271216,1493412,2954440,0,1254648,16560,8,29,1271216,1262230,1254648,7578,4,4344,1254648,12216,8,1254648,0,0,0,722226,317804,4142,741,0,373386,0
1789005341,1923127,2888904,1271216,1493412,2954440,0,1254648,16560,8,29,1271216,1262230,1254648,7578,4,4344,1254648,12216,8,1254648,0,0,0,722226,317804,4142,741,0,373386,0
1789005371,1923127,2888904,1271220,1493412,2954440,0,1254652,16560,8,29,1271220,1262233,1254652,7577,4,4344,1254652,12216,8,1254652,0,0,0,722226,317805,4142,741,0,373386,0
1789005401,1923127,2888904,1271220,1493412,2954440,0,1254652,16560,8,29,1271220,1262233,1254652,7577,4,4344,1254652,12216,8,1254652,0,0,0,722226,317805,4142,741,0,373386,0
1789005431,1923127,2888904,1271220,1493412,2954440,0,1254652,16560,8,29,1271220,1262233,1254652,7577,4,4344,1254652,12216,8,1254652,0,0,0,722226,317805,4142,741,0,373386,0
1789005461,1923127,2888904,1271220,1493412,2954440,0,1254652,16560,8,29,1271220,1262233,1254652,7577,4,4344,1254652,12216,8,1254652,0,0,0,722226,317805,4142,741,0,373386,0
1789005491,1923127,2888904,1271220,1493412,2954440,0,1254652,16560,8,29,1271220,1262234,1254652,7578,4,4344,1254652,12216,8,1254652,0,0,0,722226,317805,4142,741,0,373386,0
1789005521,1923127,2888904,1271220,1493412,2954440,0,1254652,16560,8,29,1271220,1262235,1254652,7579,4,4344,1254652,12216,8,1254652,0,0,0,722226,317805,4142,741,0,373386,0
1789005551,1923127,2888904,1271220,1493412,2954440,0,1254652,16560,8,29,1271220,1262235,1254652,7579,4,4344,1254652,12216,8,1254652,0,0,0,722226,317805,4142,741,0,373386,0
1789005581,1923127,2888904,1271220,1493412,2954440,0,1254652,16560,8,29,1271220,1262235,1254652,7579,4,4344,1254652,12216,8,1254652,0,0,0,722226,317805,4142,741,0,373386,0
1789005611,1923127,2888904,1271220,1493412,2954440,0,1254652,16560,8,29,1271220,1262235,1254652,7579,4,4344,1254652,12216,8,1254652,0,0,0,722226,317805,4142,741,0,373386,0
1789005641,1923127,2888904,1271220,1493412,2954440,0,1254652,16560,8,29,1271220,1262235,1254652,7579,4,4344,1254652,12216,8,1254652,0,0,0,722226,317805,4142,741,0,373386,0
1789005671,1923127,2888904,1271220,1493412,2954440,0,1254652,16560,8,29,1271220,1262234,1254652,7578,4,4344,1254652,12216,8,1254652,0,0,0,722226,317805,4142,741,0,373386,0
1789005701,1923127,2888904,1271220,1493412,2954440,0,1254652,16560,8,29,1271220,1262235,1254652,7579,4,4344,1254652,12216,8,1254652,0,0,0,722226,317805,4142,741,0,373386,0
1789005731,1923127,2888904,1271220,1493412,2954440,0,1254652,16560,8,29,1271220,1262234,1254652,7578,4,4344,1254652,12216,8,1254652,0,0,0,722226,317805,4142,741,0,373386,0
1789005761,1923127,2888904,1271220,1493412,2954440,0,1254652,16560,8,29,1271220,1262236,1254652,7580,4,4344,1254652,12216,8,1254652,0,0,0,722226,317805,4142,741,0,373386,0
1789005791,1923127,2888904,1271220,1493412,2954440,0,1254652,16560,8,29,1271220,1262233,1254652,7577,4,4344,1254652,12216,8,1254652,0,0,0,722226,317805,4142,741,0,373386,0
1789005821,1923127,2888904,1271224,1493412,2954440,0,1254656,16560,8,29,1271224,1262237,1254656,7577,4,4344,1254656,12216,8,1254656,0,0,0,722226,317806,4142,741,0,373386,0
1789005851,1923127,2888904,1271224,1493412,2954440,0,1254656,16560,8,29,1271224,1262237,1254656,7577,4,4344,1254656,12216,8,1254656,0,0,0,722226,317806,4142,741,0,373386,0
1789005881,1923127,2888904,1271224,1493412,2954440,0,1254656,16560,8,29,1271224,1262237,1254656,7577,4,4344,1254656,12216,8,1254656,0,0,0,722226,317806,4142,741,0,373386,0
1789005911,1923127,2888904,1271224,1493412,2954440,0,1254656,16560,8,29,1271224,1262238,1254656,7578,4,4344,1254656,12216,8,1254656,0,0,0,722226,317806,4142,741,0,373386,0
1789005941,1923127,2888904,1271224,1493412,2954440,0,1254656,16560,8,29,1271224,1262239,1254656,7579,4,4344,1254656,12216,8,1254656,0,0,0,722226,317806,4142,741,0,373386,0
1789005971,1923127,2888904,1271224,1493412,2954440,0,1254656,16560,8,29,1271224,1262239,1254656,7579,4,4344,1254656,12216,8,1254656,0,0,0,722226,317806,4142,741,0,373386,0
1789006001,1923127,2888904,1271224,1493412,2954440,0,1254656,16560,8,29,1271224,1262239,1254656,7579,4,4344,1254656,12216,8,1254656,0,0,0,722226,317806,4142,741,0,373386,0
1789006031,1923127,2888904,1271224,1493412,2954440,0,1254656,16560,8,29,1271224,1262239,1254656,7579,4,4344,1254656,12216,8,1254656,0,0,0,722226,317806,4142,741,0,373386,0
1789006061,1923127,2888904,1271224,1493412,2954440,0,1254656,16560,8,29,1271224,1262239,1254656,7579,4,4344,1254656,12216,8,1254656,0,0,0,722226,317806,4142,741,0,373386,0
1789006092,1923127,2888904,1271224,1493412,2954440,0,1254656,16560,8,29,1271224,1262239,1254656,7579,4,4344,1254656,12216,8,1254656,0,0,0,722226,317806,4142,741,0,373386,0
1789006122,1923127,2888904,1271224,1493412,2954440,0,1254656,16560,8,29,1271224,1262239,1254656,7579,4,4344,1254656,12216,8,1254656,0,0,0,722226,317806,4142,741,0,373386,0
1789006152,1923127,2888904,1271228,1493412,2954440,0,1254660,16560,8,29,1271228,1262243,1254660,7579,4,4344,1254660,12216,8,1254660,0,0,0,722226,317807,4142,741,0,373386,0
1789006182,1923127,2888904,1271228,1493412,2954440,0,1254660,16560,8,29,1271228,1262242,1254660,7578,4,4344,1254660,12216,8,1254660,0,0,0,722226,317807,4142,741,0,373386,0
1789006212,1923127,2888904,1271228,1493412,2954440,0,1254660,16560,8,29,1271228,1262242,1254660,7578,4,4344,1254660,12216,8,1254660,0,0,0,722226,317807,4142,741,0,373386,0
1789006242,1923127,2888904,1271228,1493412,2954440,0,1254660,16560,8,29,1271228,1262241,1254660,7577,4,4344,1254660,12216,8,1254660,0,0,0,722226,317807,4142,741,0,373386,0
1789006272,1923127,2888904,1271228,1493412,2954440,0,1254660,16560,8,29,1271228,1262241,1254660,7577,4,4344,1254660,12216,8,1254660,0,0,0,722226,317807,4142,741,0,373386,0
1789006302,1923127,2888904,1271228,1493412,2954440,0,1254660,16560,8,29,1271228,1262242,1254660,7578,4,4344,1254660,12216,8,1254660,0,0,0,722226,317807,4142,741,0,373386,0
1789006332,1923127,2888904,1271228,1493412,2954440,0,1254660,16560,8,29,1271228,1262241,1254660,7577,4,4344,1254660,12216,8,1254660,0,0,0,722226,317807,4142,741,0,373386,0
1789006362,1923127,2888904,1271228,1493412,2954440,0,1254660,16560,8,29,1271228,1262241,1254660,7577,4,4344,1254660,12216,8,1254660,0,0,0,722226,317807,4142,741,0,373386,0
1789006392,1923127,2888904,1271228,1493412,2954440,0,1254660,16560,8,29,1271228,1262241,1254660,7577,4,4344,1254660,12216,8,1254660,0,0,0,722226,317807,4142,741,0,373386,0
1789006422,1923127,2888904,1271228,1493412,2954440,0,1254660,16560,8,29,1271228,1262243,1254660,7579,4,4344,1254660,12216,8,1254660,0,0,0,722226,317807,4142,741,0,373386,0
1789006452,1923127,2888904,1271228,1493412,2954440,0,1254660,16560,8,29,1271228,1262245,1254660,7581,4,4344,1254660,12216,8,1254660,0,0,0,722226,317807,4142,741,0,373386,0
1789006482,1923127,2888904,1271228,1493412,2954440,0,1254660,16560,8,29,1271228,1262243,1254660,7579,4,4344,1254660,12216,8,1254660,0,0,0,722226,317807,4142,741,0,373386,0
1789006512,1923127,2888904,1271228,1493412,2954440,0,1254660,16560,8,29,1271228,1262243,1254660,7579,4,4344,1254660,12216,8,1254660,0,0,0,722226,317807,4142,741,0,373386,0
1789006542,1923127,2888904,1271228,1493412,2954440,0,1254660,16560,8,29,1271228,1262242,1254660,7578,4,4344,1254660,12216,8,1254660,0,0,0,722226,317807,4142,741,0,373386,0
1789006572,1923127,2888904,1271228,1493412,2954440,0,1254660,16560,8,29,1271228,1262243,1254660,7579,4,4344,1254660,12216,8,1254660,0,0,0,722226,317807,4142,741,0,373386,0
1789006602,1923127,2888904,1271232,1493412,2954440,0,1254664,16560,8,29,1271232,1262246,1254664,7578,4,4344,1254664,12216,8,1254664,0,0,0,722226,317808,4142,741,0,373386,0
1789006632,1923127,2888904,1271232,1493412,2954440,0,1254664,16560,8,29,1271232,1262246,1254664,7578,4,4344,1254664,12216,8,1254664,0,0,0,722226,317808,4142,741,0,373386,0
1789006662,1923127,2888904,1271232,1493412,2954440,0,1254664,16560,8,29,1271232,1262246,1254664,7578,4,4344,1254664,12216,8,1254664,0,0,0,722226,317808,4142,741,0,373386,0
1789006692,1923127,2888904,1271232,1493412,2954440,0,1254664,16560,8,29,1271232,1262246,1254664,7578,4,4344,1254664,12216,8,1254664,0,0,0,722226,317808,4142,741,0,373386,0
1789006722,1923127,2888904,1271232,1493412,2954440,0,1254664,16560,8,29,1271232,1262245,1254664,7577,4,4344,1254664,12216,8,1254664,0,0,0,722226,317808,4142,741,0,373386,0
1789006752,1923127,2888904,1271232,1493412,2954440,0,1254664,16560,8,29,1271232,1262245,1254664,7577,4,4344,1254664,12216,8,1254664,0,0,0,722226,317808,4142,741,0,373386,0
1789006782,1923127,2888904,1271232,1493412,2954440,0,1254664,16560,8,29,1271232,1262245,1254664,7577,4,4344,1254664,12216,8,1254664,0,0,0,722226,317808,4142,741,0,373386,0
1789006812,1923127,2888904,1271232,1493412,2954440,0,1254664,16560,8,29,1271232,1262246,1254664,7578,4,4344,1254664,12216,8,1254664,0,0,0,722226,317808,4142,741,0,373386,0
1789006842,1923127,2888904,1271232,1493412,2954440,0,1254664,16560,8,29,1271232,1262246,1254664,7578,4,4344,1254664,12216,8,1254664,0,0,0,722226,317808,4142,741,0,373386,0
1789006872,1923127,2888904,1271232,1493412,2954440,0,1254664,16560,8,29,1271232,1262246,1254664,7578,4,4344,1254664,12216,8,1254664,0,0,0,722226,317808,4142,741,0,373386,0
1789006902,1923127,2888904,1271232,1493412,2954440,0,1254664,16560,8,29,1271232,1262247,1254664,7579,4,4344,1254664,12216,8,1254664,0,0,0,722226,317808,4142,741,0,373386,0
1789006932,1923127,2888904,1271232,1493412,2954440,0,1254664,16560,8,29,1271232,1262246,1254664,7578,4,4344,1254664,12216,8,1254664,0,0,0,722226,317808,4142,741,0,373386,0
1789006962,1923127,2888904,1271232,1493412,2954440,0,1254664,16560,8,29,1271232,1262247,1254664,7579,4,4344,1254664,12216,8,1254664,0,0,0,722226,317808,4142,741,0,373386,0
1789006992,1923127,2888904,1271232,1493412,2954440,0,1254664,16560,8,29,1271232,1262246,1254664,7578,4,4344,1254664,12216,8,1254664,0,0,0,722226,317808,4142,741,0,373386,0
1789007022,1923127,2888904,1271232,1493412,2954440,0,1254664,16560,8,29,1271232,1262247,1254664,7579,4,4344,1254664,12216,8,1254664,0,0,0,722226,317808,4142,741,0,373386,0
1789007052,1923127,2888904,1271232,1493412,2954440,0,1254664,16560,8,29,1271232,1262247,1254664,7579,4,4344,1254664,12216,8,1254664,0,0,0,722226,317808,4142,741,0,373386,0
1789007083,1923127,2888904,1271232,1493412,2954440,0,1254664,16560,8,29,1271232,1262247,1254664,7579,4,4344,1254664,12216,8,1254664,0,0,0,722226,317808,4142,741,0,373386,0
1789007113,1923127,2888904,1271232,1493412,2954440,0,1254664,16560,8,29,1271232,1262246,1254664,7578,4,4344,1254664,12216,8,1254664,0,0,0,722226,317808,4142,741,0,373386,0
1789007143,1923127,2888904,1271232,1493412,2954440,0,1254664,16560,8,29,1271244,1262259,1254676,7579,4,4344,1254676,12216,8,1254676,0,0,0,722229,317811,4142,741,0,373388,0
1789007173,1923127,2888904,1271232,1493412,2954440,0,1254664,16560,8,29,1271232,1262245,1254664,7577,4,4344,1254664,12216,8,1254664,0,0,0,722226,317808,4142,741,0,373386,0
1789007203,1923127,2888904,1271280,1493412,2954440,0,1254712,16560,8,29,1271280,1262293,1254712,7577,4,4344,1254712,12216,8,1254712,0,0,0,722226,317820,4142,741,0,373386,0
1789007233,1923127,2888904,1271280,1493412,2954440,0,1254712,16560,8,29,1271280,1262293,1254712,7577,4,4344,1254712,12216,8,1254712,0,0,0,722226,317820,4142,741,0,373386,0
1789007263,1923127,2888904,1271280,1493412,2954440,0,1254712,16560,8,29,1271280,1262294,1254712,7578,4,4344,1254712,12216,8,1254712,0,0,0,722226,317820,4142,741,0,373386,0
1789007293,1923127,2888904,1271280,1493412,2954440,0,1254712,16560,8,29,1271280,1262293,1254712,7577,4,4344,1254712,12216,8,1254712,0,0,0,722226,317820,4142,741,0,373386,0
1789007323,1923127,2888904,1271280,1493412,2954440,0,1254712,16560,8,29,1271280,1262294,1254712,7578,4,4344,1254712,12216,8,1254712,0,0,0,722226,317820,4142,741,0,373386,0
1789007353,1923127,2888904,1271280,1493412,2954440,0,1254712,16560,8,29,1271280,1262295,1254712,7579,4,4344,1254712,12216,8,1254712,0,0,0,722226,317820,4142,741,0,373386,0
1789007383,1923127,2888904,1271280,1493412,2954440,0,1254712,16560,8,29,1271280,1262298,1254712,7582,4,4344,1254712,12216,8,1254712,0,0,0,722226,317820,4142,741,0,373386,0
1789007413,1923127,2888904,1271280,1493412,2954440,0,1254712,16560,8,29,1271280,1262294,1254712,7578,4,4344,1254712,12216,8,1254712,0,0,0,722226,317820,4142,741,0,373386,0
1789007443,1923127,2888904,1271284,1493412,2954440,0,1254716,16560,8,29,1271284,1262298,1254716,7578,4,4344,1254716,12216,8,1254716,0,0,0,722226,317821,4142,741,0,373386,0
1789007473,1923127,2888904,1271284,1493412,2954440,0,1254716,16560,8,29,1271284,1262298,1254716,7578,4,4344,1254716,12216,8,1254716,0,0,0,722226,317821,4142,741,0,373386,0
1789007503,1923127,2888904,1271284,1493412,2954440,0,1254716,16560,8,29,1271284,1262299,1254716,7579,4,4344,1254716,12216,8,1254716,0,0,0,722226,317821,4142,741,0,373386,0
1789007533,1923127,2888904,1271284,1493412,2954440,0,1254716,16560,8,29,1271284,1262299,1254716,7579,4,4344,1254716,12216,8,1254716,0,0,0,722226,317821,4142,741,0,373386,0
1789007563,1923127,2888904,1271284,1493412,2954440,0,1254716,16560,8,29,1271284,1262297,1254716,7577,4,4344,1254716,12216,8,1254716,0,0,0,722226,317821,4142,741,0,373386,0
1789007593,1923127,2888904,1271284,1493412,2954440,0,1254716,16560,8,29,1271284,1262297,1254716,7577,4,4344,1254716,12216,8,1254716,0,0,0,722226,317821,4142,741,0,373386,0
1789007623,1923127,2888904,1271284,1493412,2954440,0,1254716,16560,8,29,1271284,1262297,1254716,7577,4,4344,1254716,12216,8,1254716,0,0,0,722226,317821,4142,741,0,373386,0
1789007653,1923127,2888904,1271284,1493412,2954440,0,1254716,16560,8,29,1271284,1262298,1254716,7578,4,4344,1254716,12216,8,1254716,0,0,0,722226,317821,4142,741,0,373386,0
1789007683,1923127,2888904,1271284,1493412,2954440,0,1254716,16560,8,29,1271284,1262298,1254716,7578,4,4344,1254716,12216,8,1254716,0,0,0,722226,317821,4142,741,0,373386,0
1789007713,1923127,2888904,1271284,1493412,2954440,0,1254716,16560,8,29,1271284,1262298,1254716,7578,4,4344,1254716,12216,8,1254716,0,0,0,722226,317821,4142,741,0,373386,0
1789007744,1923127,2888904,1271284,1493412,2954440,0,1254716,16560,8,29,1271284,1262299,1254716,7579,4,4344,1254716,12216,8,1254716,0,0,0,722226,317821,4142,741,0,373386,0
1789007774,1923127,2888904,1271284,1493412,2954440,0,1254716,16560,8,29,1271284,1262299,1254716,7579,4,4344,1254716,12216,8,1254716,0,0,0,722226,317821,4142,741,0,373386,0
1789007804,1923127,2888904,1271284,1493412,2954440,0,1254716,16560,8,29,1271284,1262298,1254716,7578,4,4344,1254716,12216,8,1254716,0,0,0,722226,317821,4142,741,0,373386,0
1789007834,1923127,2888904,1271288,1493412,2954440,0,1254720,16560,8,29,1271288,1262302,1254720,7578,4,4344,1254720,12216,8,1254720,0,0,0,722226,317822,4142,741,0,373386,0
1789007864,1923127,2888904,1271328,1493452,2954440,0,1254760,16560,8,29,1271328,1262342,1254760,7578,4,4344,1254760,12216,8,1254760,0,0,0,722226,317832,4142,741,0,373396,0
1789007894,1923127,2888904,1276912,1499036,2954440,0,1260344,16560,8,29,1276912,1267926,1260344,7578,4,4344,1260344,12216,8,1260344,0,0,0,722226,319228,4142,741,0,374792,0
1789007924,1923127,2888904,1276952,1499076,2954440,0,1260384,16560,8,29,1276952,1267966,1260384,7578,4,4344,1260384,12216,8,1260384,0,0,0,722226,319238,4142,741,0,374802,0
1789007954,1923127,2888904,1282544,1504668,2954440,0,1265976,16560,8,29,1282544,1273558,1265976,7578,4,4344,1265976,12216,8,1265976,0,0,0,722226,320636,4142,741,0,376200,0
1789007984,1923127,2888904,1282544,1504668,2954440,0,1265976,16560,8,29,1282544,1273558,1265976,7578,4,4344,1265976,12216,8,1265976,0,0,0,722226,320636,4142,741,0,376200,0
1789008014,1923127,2888904,1282544,1504668,2954440,0,1265976,16560,8,29,1282544,1273558,1265976,7578,4,4344,1265976,12216,8,1265976,0,0,0,722226,320636,4142,741,0,376200,0
1789008045,1923127,2888904,1282544,1504668,2954440,0,1265976,16560,8,29,1282544,1273558,1265976,7578,4,4344,1265976,12216,8,1265976,0,0,0,722226,320636,4142,741,0,376200,0
1789008075,1923127,2888904,1282544,1504668,2954440,0,1265976,16560,8,29,1282544,1273557,1265976,7577,4,4344,1265976,12216,8,1265976,0,0,0,722226,320636,4142,741,0,376200,0
1789008105,1923127,2888904,1282544,1504668,2954440,0,1265976,16560,8,29,1282544,1273557,1265976,7577,4,4344,1265976,12216,8,1265976,0,0,0,722226,320636,4142,741,0,376200,0
1789008135,1923127,2888904,1282544,1504668,2954440,0,1265976,16560,8,29,1282544,1273557,1265976,7577,4,4344,1265976,12216,8,1265976,0,0,0,722226,320636,4142,741,0,376200,0
1789008165,1923127,2888904,1282544,1504668,2954440,0,1265976,16560,8,29,1282544,1273557,1265976,7577,4,4344,1265976,12216,8,1265976,0,0,0,722226,320636,4142,741,0,376200,0
1789008195,1923127,2888904,1282544,1504668,2954440,0,1265976,16560,8,29,1282544,1273557,1265976,7577,4,4344,1265976,12216,8,1265976,0,0,0,722226,320636,4142,741,0,376200,0
1789008225,1923127,2888904,1282544,1504668,2954440,0,1265976,16560,8,29,1282544,1273557,1265976,7577,4,4344,1265976,12216,8,1265976,0,0,0,722226,320636,4142,741,0,376200,0
1789008255,1923127,2888904,1282544,1504668,2954440,0,1265976,16560,8,29,1282544,1273559,1265976,7579,4,4344,1265976,12216,8,1265976,0,0,0,722226,320636,4142,741,0,376200,0
1789008285,1923127,2888904,1282544,1504668,2954440,0,1265976,16560,8,29,1282544,1273558,1265976,7578,4,4344,1265976,12216,8,1265976,0,0,0,722226,320636,4142,741,0,376200,0
1789008315,1923127,2888904,1282544,1504668,2954440,0,1265976,16560,8,29,1282544,1273559,1265976,7579,4,4344,1265976,12216,8,1265976,0,0,0,722226,320636,4142,741,0,376200,0
1789008345,1923127,2888904,1282544,1504668,2954440,0,1265976,16560,8,29,1282544,1273558,1265976,7578,4,4344,1265976,12216,8,1265976,0,0,0,722226,320636,4142,741,0,376200,0
1789008375,1923127,2888904,1282544,1504668,2954440,0,1265976,16560,8,29,1282544,1273559,1265976,7579,4,4344,1265976,12216,8,1265976,0,0,0,722226,320636,4142,741,0,376200,0
1789008405,1923127,2888904,1282544,1504668,2954440,0,1265976,16560,8,29,1282544,1273558,1265976,7578,4,4344,1265976,12216,8,1265976,0,0,0,722226,320636,4142,741,0,376200,0
1789008435,1923127,2888904,1282548,1504668,2954440,0,1265980,16560,8,29,1282548,1273563,1265980,7579,4,4344,1265980,12216,8,1265980,0,0,0,722226,320637,4142,741,0,376200,0
1789008465,1923127,2888904,1282548,1504668,2954440,0,1265980,16560,8,29,1282548,1273562,1265980,7578,4,4344,1265980,12216,8,1265980,0,0,0,722226,320637,4142,741,0,376200,0
1789008495,1923127,2888904,1282548,1504668,2954440,0,1265980,16560,8,29,1282548,1273561,1265980,7577,4,4344,1265980,12216,8,1265980,0,0,0,722226,320637,4142,741,0,376200,0
1789008525,1923127,2888904,1282548,1504668,2954440,0,1265980,16560,8,29,1282548,1273561,1265980,7577,4,4344,1265980,12216,8,1265980,0,0,0,722226,320637,4142,741,0,376200,0
1789008555,1923127,2888904,1282548,1504668,2954440,0,1265980,16560,8,29,1282548,1273561,1265980,7577,4,4344,1265980,12216,8,1265980,0,0,0,722226,320637,4142,741,0,376200,0
1789008585,1923127,2888904,1282548,1504668,2954440,0,1265980,16560,8,29,1282548,1273561,1265980,7577,4,4344,1265980,12216,8,1265980,0,0,0,722226,320637,4142,741,0,376200,0
1789008615,1923127,2888904,1282548,1504668,2954440,0,1265980,16560,8,29,1282548,1273561,1265980,7577,4,4344,1265980,12216,8,1265980,0,0,0,722226,320637,4142,741,0,376200,0
1789008645,1923127,2888904,1282548,1504668,2954440,0,1265980,16560,8,29,1282548,1273562,1265980,7578,4,4344,1265980,12216,8,1265980,0,0,0,722226,320637,4142,741,0,376200,0
1789008675,1923127,2888904,1282548,1504668,2954440,0,1265980,16560,8,29,1282548,1273562,1265980,7578,4,4344,1265980,12216,8,1265980,0,0,0,722226,320637,4142,741,0,376200,0
1789008705,1923127,2888904,1282548,1504668,2954440,0,1265980,16560,8,29,1282548,1273563,1265980,7579,4,4344,1265980,12216,8,1265980,0,0,0,722226,320637,4142,741,0,376200,0
1789008736,1923127,2888904,1282548,1504668,2954440,0,1265980,16560,8,29,1282548,1273562,1265980,7578,4,4344,1265980,12216,8,1265980,0,0,0,722226,320637,4142,741,0,376200,0
1789008766,1923127,2888904,1282548,1504668,2954440,0,1265980,16560,8,29,1282548,1273562,1265980,7578,4,4344,1265980,12216,8,1265980,0,0,0,722226,320637,4142,741,0,376200,0
1789008796,1923127,2888904,1282548,1504668,2954440,0,1265980,16560,8,29,1282548,1273562,1265980,7578,4,4344,1265980,12216,8,1265980,0,0,0,722226,320637,4142,741,0,376200,0
1789008826,1923127,2888904,1282548,1504668,2954440,0,1265980,16560,8,29,1282548,1273562,1265980,7578,4,4344,1265980,12216,8,1265980,0,0,0,722226,320637,4142,741,0,376200,0
1789008856,1923127,2888904,1282548,1504668,2954440,0,1265980,16560,8,29,1282548,1273563,1265980,7579,4,4344,1265980,12216,8,1265980,0,0,0,722226,320637,4142,741,0,376200,0
1789008886,1923127,2888904,1282552,1504668,2954440,0,1265984,16560,8,29,1282552,1273567,1265984,7579,4,4344,1265984,12216,8,1265984,0,0,0,722226,320638,4142,741,0,376200,0
1789008916,1923127,2888904,1282552,1504668,2954440,0,1265984,16560,8,29,1282552,1273566,1265984,7578,4,4344,1265984,12216,8,1265984,0,0,0,722226,320638,4142,741,0,376200,0
1789008946,1923127,2888904,1282552,1504668,2954440,0,1265984,16560,8,29,1282552,1273566,1265984,7578,4,4344,1265984,12216,8,1265984,0,0,0,722226,320638,4142,741,0,376200,0
1789008976,1923127,2888904,1282552,1504668,2954440,0,1265984,16560,8,29,1282552,1273567,1265984,7579,4,4344,1265984,12216,8,1265984,0,0,0,722226,320638,4142,741,0,376200,0
1789009006,1923127,2888904,1282552,1504668,2954440,0,1265984,16560,8,29,1282552,1273566,1265984,7578,4,4344,1265984,12216,8,1265984,0,0,0,722226,320638,4142,741,0,376200,0
1789009036,1923127,2888904,1282552,1504668,2954440,0,1265984,16560,8,29,1282552,1273565,1265984,7577,4,4344,1265984,12216,8,1265984,0,0,0,722226,320638,4142,741,0,376200,0
1789009066,1923127,2888904,1282552,1504668,2954440,0,1265984,16560,8,29,1282552,1273565,1265984,7577,4,4344,1265984,12216,8,1265984,0,0,0,722226,320638,4142,741,0,376200,0
1789009096,1923127,2888904,1282552,1504668,2954440,0,1265984,16560,8,29,1282552,1273566,1265984,7578,4,4344,1265984,12216,8,1265984,0,0,0,722226,320638,4142,741,0,376200,0
1789009126,1923127,2888904,1282552,1504668,2954440,0,1265984,16560,8,29,1282552,1273567,1265984,7579,4,4344,1265984,12216,8,1265984,0,0,0,722226,320638,4142,741,0,376200,0
1789009156,1923127,2888904,1282552,1504668,2954440,0,1265984,16560,8,29,1282552,1273566,1265984,7578,4,4344,1265984,12216,8,1265984,0,0,0,722226,320638,4142,741,0,376200,0
1789009186,1923127,2888904,1282552,1504668,2954440,0,1265984,16560,8,29,1282552,1273571,1265984,7583,4,4344,1265984,12216,8,1265984,0,0,0,722226,320638,4142,741,0,376200,0
1789009216,1923127,2888904,1282552,1504668,2954440,0,1265984,16560,8,29,1282552,1273567,1265984,7579,4,4344,1265984,12216,8,1265984,0,0,0,722226,320638,4142,741,0,376200,0
1789009246,1923127,2888904,1282552,1504668,2954440,0,1265984,16560,8,29,1282552,1273568,1265984,7580,4,4344,1265984,12216,8,1265984,0,0,0,722229,320641,4142,741,0,376202,0
1789009276,1923127,2888904,1282552,1504668,2954440,0,1265984,16560,8,29,1282552,1273567,1265984,7579,4,4344,1265984,12216,8,1265984,0,0,0,722226,320638,4142,741,0,376200,0
1789009306,1923127,2888904,1282556,1504668,2954440,0,1265988,16560,8,29,1282556,1273570,1265988,7578,4,4344,1265988,12216,8,1265988,0,0,0,722226,320639,4142,741,0,376200,0
1789009336,1923127,2888904,1282556,1504668,2954440,0,1265988,16560,8,29,1282556,1273573,1265988,7581,4,4344,1265988,12216,8,1265988,0,0,0,722226,320639,4142,741,0,376200,0
1789009366,1923127,2888904,1282556,1504668,2954440,0,1265988,16560,8,29,1282556,1273570,1265988,7578,4,4344,1265988,12216,8,1265988,0,0,0,722226,320639,4142,741,0,376200,0
1789009396,1923127,2888904,1282556,1504668,2954440,0,1265988,16560,8,29,1282556,1273569,1265988,7577,4,4344,1265988,12216,8,1265988,0,0,0,722226,320639,4142,741,0,376200,0
1789009426,1923127,2888904,1282556,1504668,2954440,0,1265988,16560,8,29,1282556,1273571,1265988,7579,4,4344,1265988,12216,8,1265988,0,0,0,722226,320639,4142,741,0,376200,0
1789009456,1923127,2888904,1282556,1504668,2954440,0,1265988,16560,8,29,1282556,1273569,1265988,7577,4,4344,1265988,12216,8,1265988,0,0,0,722226,320639,4142,741,0,376200,0
1789009486,1923127,2888904,1282556,1504668,2954440,0,1265988,16560,8,29,1282556,1273569,1265988,7577,4,4344,1265988,12216,8,1265988,0,0,0,722226,320639,4142,741,0,376200,0
1789009516,1923127,2888904,1282556,1504668,2954440,0,1265988,16560,8,29,1282556,1273569,1265988,7577,4,4344,1265988,12216,8,1265988,0,0,0,722226,320639,4142,741,0,376200,0
1789009546,1923127,2888904,1282556,1504668,2954440,0,1265988,16560,8,29,1282556,1273570,1265988,7578,4,4344,1265988,12216,8,1265988,0,0,0,722226,320639,4142,741,0,376200,0
1789009576,1923127,2888904,1282556,1504668,2954440,0,1265988,16560,8,29,1282556,1273571,1265988,7579,4,4344,1265988,12216,8,1265988,0,0,0,722226,320639,4142,741,0,376200,0
1789009606,1923127,2888904,1282556,1504668,2954440,0,1265988,16560,8,29,1282556,1273570,1265988,7578,4,4344,1265988,12216,8,1265988,0,0,0,722226,320639,4142,741,0,376200,0
1789009636,1923127,2888904,1282556,1504668,2954440,0,1265988,16560,8,29,1282556,1273571,1265988,7579,4,4344,1265988,12216,8,1265988,0,0,0,722226,320639,4142,741,0,376200,0
1789009666,1923127,2888904,1282556,1504668,2954440,0,1265988,16560,8,29,1282556,1273570,1265988,7578,4,4344,1265988,12216,8,1265988,0,0,0,722226,320639,4142,741,0,376200,0
1789009696,1923127,2888904,1282556,1504668,2954440,0,1265988,16560,8,29,1282556,1273571,1265988,7579,4,4344,1265988,12216,8,1265988,0,0,0,722226,320639,4142,741,0,376200,0
1789009726,1923127,2888904,1282560,1504668,2954440,0,1265992,16560,8,29,1282560,1273574,1265992,7578,4,4344,1265992,12216,8,1265992,0,0,0,722226,320640,4142,741,0,376200,0
1789009756,1923127,2888904,1282560,1504668,2954440,0,1265992,16560,8,29,1282560,1273574,1265992,7578,4,4344,1265992,12216,8,1265992,0,0,0,722226,320640,4142,741,0,376200,0
1789009786,1923127,2888904,1282560,1504668,2954440,0,1265992,16560,8,29,1282560,1273574,1265992,7578,4,4344,1265992,12216,8,1265992,0,0,0,722226,320640,4142,741,0,376200,0
1789009816,1923127,2888904,1282560,1504668,2954440,0,1265992,16560,8,29,1282560,1273574,1265992,7578,4,4344,1265992,12216,8,1265992,0,0,0,722226,320640,4142,741,0,376200,0
1789009826,1923127,2819208,1282396,1434980,2954440,0,1265828,16560,8,18,1282396,1273415,1265828,7583,4,4344,1265828,12216,8,1265828,0,0,0,704802,320599,4142,741,0,358778,0
