#ts|obs_rel_s|run_rel_s|label|reason|VmSize_kb,VmRSS_kb,VmData_kb,VmPeak_kb,VmSwap_kb,RssAnon_kb,RssFile_kb,RssShmem_kb,Threads
1789017774|0|287|start|startup|2888904,1269136,1490656,2888928,0,1252900,16228,8,29
1789018074|300|587|base-587|base_periodic|2888904,1269140,1490656,2888928,0,1252904,16228,8,29
1789018374|600|887|base-887|base_periodic|2888904,1269144,1490656,2888928,0,1252908,16228,8,29
1789018674|900|1187|base-1187|base_periodic|2888904,1269152,1490660,2888928,0,1252916,16228,8,29
1789018974|1200|1487|base-1487|base_periodic|2888904,1269152,1490660,2888928,0,1252916,16228,8,29
1789019274|1500|1787|base-1787|base_periodic|2888904,1269164,1490660,2888928,0,1252928,16228,8,29
1789019574|1800|2087|base-2087|base_periodic|2888904,1269164,1490660,2888928,0,1252928,16228,8,29
1789019874|2100|2387|base-2387|base_periodic|2888904,1269164,1490660,2888928,0,1252928,16228,8,29
1789020174|2400|2687|base-2687|base_periodic|2888904,1269168,1490660,2888928,0,1252932,16228,8,29
1789020474|2700|2987|base-2987|base_periodic|2888904,1269172,1490660,2888928,0,1252936,16228,8,29
1789020774|3000|3287|base-3287|base_periodic|2888904,1269184,1490660,2888928,0,1252948,16228,8,29
1789021074|3300|3587|base-3587|base_periodic|2888904,1269188,1490660,2888928,0,1252952,16228,8,29
1789021374|3600|3887|base-3887|base_periodic|2888904,1269196,1490664,2888928,0,1252960,16228,8,29
1789021674|3900|4187|base-4187|base_periodic|2888904,1269196,1490664,2888928,0,1252960,16228,8,29
1789021974|4200|4487|base-4487|base_periodic|2888904,1269200,1490664,2888928,0,1252964,16228,8,29
1789022274|4500|4787|base-4787|base_periodic|2888904,1269200,1490664,2888928,0,1252964,16228,8,29
1789022574|4800|5087|base-5087|base_periodic|2888904,1269204,1490664,2888928,0,1252968,16228,8,29
1789022874|5100|5387|base-5387|base_periodic|2888904,1269208,1490664,2888928,0,1252972,16228,8,29
1789023174|5400|5687|base-5687|base_periodic|2888904,1269208,1490664,2888928,0,1252972,16228,8,29
1789023474|5700|5987|base-5987|base_periodic|2888904,1269212,1490664,2888928,0,1252976,16228,8,29
1789023488|5714|6001|win-6000|window_periodic|2888904,1269212,1490664,2888928,0,1252976,16228,8,29
1789023547|5773|6060|win-6060|window_periodic|2888904,1269212,1490664,2888928,0,1252976,16228,8,29
1789023608|5834|6121|win-6120|window_periodic|2888904,1269212,1490664,2888928,0,1252976,16228,8,29
1789023668|5894|6181|win-6180|window_periodic|2888904,1269212,1490664,2888928,0,1252976,16228,8,29
1789023727|5953|6240|win-6240|window_periodic|2888904,1269212,1490664,2888928,0,1252976,16228,8,29
1789023774|6000|6287|base-6287|base_periodic|2888904,1269212,1490664,2888928,0,1252976,16228,8,29
1789023788|6014|6301|win-6300|window_periodic|2888904,1269212,1490664,2888928,0,1252976,16228,8,29
1789023847|6073|6360|win-6360|window_periodic|2888904,1269216,1490664,2888928,0,1252980,16228,8,29
1789023908|6134|6421|win-6420|window_periodic|2888904,1269216,1490664,2888928,0,1252980,16228,8,29
1789023968|6194|6481|win-6481|window_periodic|2888904,1269252,1490668,2888928,0,1253016,16228,8,29
1789024028|6254|6541|win-6541|window_periodic|2888904,1269252,1490668,2888928,0,1253016,16228,8,29
1789024075|6301|6588|base-6588|base_periodic|2888904,1269252,1490668,2888928,0,1253016,16228,8,29
1789024088|6314|6601|win-6601|window_periodic|2888916,1269264,1490676,2888928,0,1253028,16228,8,30
1789024149|6375|6662|win-6662|window_periodic|2888904,1269252,1490668,2888928,0,1253016,16228,8,29
1789024209|6435|6722|win-6722|window_periodic|2888904,1269252,1490668,2888928,0,1253016,16228,8,29
1789024270|6496|6783|win-6783|window_periodic|2888904,1269252,1490668,2888928,0,1253016,16228,8,29
1789024330|6556|6843|win-6843|window_periodic|2888904,1269252,1490668,2888928,0,1253016,16228,8,29
1789024376|6602|6889|base-6889|base_periodic|2888916,1269264,1490676,2888928,0,1253028,16228,8,30
1789024391|6617|6904|win-6903|window_periodic|2888904,1269252,1490668,2888928,0,1253016,16228,8,29
1789024450|6676|6963|win-6963|window_periodic|2888904,1269252,1490668,2888928,0,1253016,16228,8,29
1789024511|6737|7024|win-7024|window_periodic|2888904,1269252,1490668,2888928,0,1253016,16228,8,29
1789024571|6797|7084|win-7084|window_periodic|2888904,1269252,1490668,2888928,0,1253016,16228,8,29
1789024631|6857|7144|win-7144|window_periodic|2888904,1269288,1490704,2888928,0,1253052,16228,8,29
1789024636|6862|7149|trig-1|trigger_positive|2888904,1274876,1496292,2888928,0,1258640,16228,8,29
1789024651|6877|7164|post-1|post_observation|2888904,1274876,1496292,2888928,0,1258640,16228,8,29
1789024677|6903|7190|base-7190|base_periodic|2888904,1274912,1496328,2888928,0,1258676,16228,8,29
1789024687|6913|7200|trig-2|trigger_positive|2888904,1280500,1501916,2888928,0,1264264,16228,8,29
1789024691|6917|7204|win-7204|window_periodic|2888904,1280500,1501916,2888928,0,1264264,16228,8,29
1789024703|6929|7216|post-2|post_observation|2888904,1280500,1501916,2888928,0,1264264,16228,8,29
1789024751|6977|7264|win-7264|window_periodic|2888904,1280500,1501916,2888928,0,1264264,16228,8,29
1789024812|7038|7325|win-7325|window_periodic|2888904,1280500,1501916,2888928,0,1264264,16228,8,29
1789024872|7098|7385|win-7385|window_periodic|2888904,1280500,1501916,2888928,0,1264264,16228,8,29
1789024933|7159|7446|win-7445|window_periodic|2888904,1280500,1501916,2888928,0,1264264,16228,8,29
1789024977|7203|7490|base-7490|base_periodic|2888904,1280500,1501916,2888928,0,1264264,16228,8,29
1789024992|7218|7505|win-7505|window_periodic|2888904,1280500,1501916,2888928,0,1264264,16228,8,29
1789025053|7279|7566|win-7565|window_periodic|2888904,1280500,1501916,2888928,0,1264264,16228,8,29
1789025112|7338|7625|win-7625|window_periodic|2888904,1280500,1501916,2888928,0,1264264,16228,8,29
1789025173|7399|7686|win-7686|window_periodic|2888904,1280500,1501916,2888928,0,1264264,16228,8,29
1789025233|7459|7746|win-7746|window_periodic|2888904,1280500,1501916,2888928,0,1264264,16228,8,29
1789025277|7503|7790|base-7790|base_periodic|2888904,1280500,1501916,2888928,0,1264264,16228,8,29
1789025293|7519|7806|win-7806|window_periodic|2888904,1280500,1501916,2888928,0,1264264,16228,8,29
1789025353|7579|7866|win-7866|window_periodic|2888904,1280500,1501916,2888928,0,1264264,16228,8,29
1789025413|7639|7926|win-7926|window_periodic|2888916,1280512,1501924,2888928,0,1264276,16228,8,30
1789025474|7700|7987|win-7987|window_periodic|2888904,1280500,1501916,2888928,0,1264264,16228,8,29
1789025535|7761|8048|win-8048|window_periodic|2888904,1280500,1501916,2888928,0,1264264,16228,8,29
1789025577|7803|8090|base-8090|base_periodic|2888904,1280500,1501916,2888928,0,1264264,16228,8,29
1789025596|7822|8109|win-8109|window_periodic|2888904,1280500,1501916,2888928,0,1264264,16228,8,29
1789025657|7883|8170|win-8170|window_periodic|2888904,1280500,1501916,2888928,0,1264264,16228,8,29
1789025717|7943|8230|win-8230|window_periodic|2888904,1280500,1501916,2888928,0,1264264,16228,8,29
1789025778|8004|8291|win-8291|window_periodic|2888904,1280500,1501916,2888928,0,1264264,16228,8,29
1789025839|8065|8352|win-8351|window_periodic|2888904,1280504,1501920,2888928,0,1264268,16228,8,29
1789025877|8103|8390|base-8390|base_periodic|2888904,1280504,1501920,2888928,0,1264268,16228,8,29
1789025898|8124|8411|win-8411|window_periodic|2888904,1280504,1501920,2888928,0,1264268,16228,8,29
1789025959|8185|8472|win-8472|window_periodic|2888904,1280504,1501920,2888928,0,1264268,16228,8,29
1789026020|8246|8533|win-8533|window_periodic|2888904,1280504,1501920,2888928,0,1264268,16228,8,29
1789026080|8306|8593|win-8593|window_periodic|2888904,1280504,1501920,2888928,0,1264268,16228,8,29
1789026140|8366|8653|win-8653|window_periodic|2888904,1280504,1501920,2888928,0,1264268,16228,8,29
1789026178|8404|8691|base-8690|base_periodic|2888904,1280504,1501920,2888928,0,1264268,16228,8,29
1789026477|8703|8990|base-8990|base_periodic|2888904,1280504,1501920,2888928,0,1264268,16228,8,29
1789026568|8794|9081|end|shutdown|2819208,1280344,1432232,2888928,0,1264108,16228,8,18
