ts,pid,VmRSS_kb,RssAnon_kb,RssFile_kb,Threads
1789017775,2011183,1269136,1252900,16228,29
1789017784,2011183,1269136,1252900,16228,29
1789017794,2011183,1269136,1252900,16228,29
1789017804,2011183,1269136,1252900,16228,29
1789017814,2011183,1269136,1252900,16228,29
1789017824,2011183,1269136,1252900,16228,29
1789017834,2011183,1269136,1252900,16228,29
1789017844,2011183,1269136,1252900,16228,29
1789017854,2011183,1269136,1252900,16228,29
1789017864,2011183,1269136,1252900,16228,29
1789017874,2011183,1269136,1252900,16228,29
1789017884,2011183,1269136,1252900,16228,29
1789017894,2011183,1269136,1252900,16228,29
1789017904,2011183,1269136,1252900,16228,29
1789017914,2011183,1269136,1252900,16228,29
1789017924,2011183,1269136,1252900,16228,29
1789017934,2011183,1269136,1252900,16228,29
1789017944,2011183,1269136,1252900,16228,29
1789017954,2011183,1269148,1252912,16228,30
1789017964,2011183,1269136,1252900,16228,29
1789017974,2011183,1269136,1252900,16228,29
1789017984,2011183,1269136,1252900,16228,29
1789017994,2011183,1269136,1252900,16228,29
1789018004,2011183,1269136,1252900,16228,29
1789018014,2011183,1269140,1252904,16228,29
1789018024,2011183,1269140,1252904,16228,29
1789018034,2011183,1269140,1252904,16228,29
1789018044,2011183,1269140,1252904,16228,29
1789018054,2011183,1269140,1252904,16228,29
1789018064,2011183,1269140,1252904,16228,29
1789018074,2011183,1269140,1252904,16228,29
1789018084,2011183,1269140,1252904,16228,29
1789018094,2011183,1269140,1252904,16228,29
1789018104,2011183,1269140,1252904,16228,29
1789018114,2011183,1269140,1252904,16228,29
1789018124,2011183,1269140,1252904,16228,29
1789018134,2011183,1269140,1252904,16228,29
1789018144,2011183,1269140,1252904,16228,29
1789018154,2011183,1269140,1252904,16228,29
1789018164,2011183,1269140,1252904,16228,29
1789018174,2011183,1269140,1252904,16228,29
1789018184,2011183,1269140,1252904,16228,29
1789018194,2011183,1269140,1252904,16228,29
1789018204,2011183,1269140,1252904,16228,29
1789018214,2011183,1269140,1252904,16228,29
1789018224,2011183,1269140,1252904,16228,29
1789018234,2011183,1269140,1252904,16228,29
1789018244,2011183,1269140,1252904,16228,29
1789018254,2011183,1269140,1252904,16228,29
1789018264,2011183,1269140,1252904,16228,29
1789018274,2011183,1269140,1252904,16228,29
1789018284,2011183,1269140,1252904,16228,29
1789018294,2011183,1269140,1252904,16228,29
1789018304,2011183,1269144,1252908,16228,29
1789018314,2011183,1269144,1252908,16228,29
1789018324,2011183,1269144,1252908,16228,29
1789018334,2011183,1269144,1252908,16228,29
1789018344,2011183,1269144,1252908,16228,29
1789018355,2011183,1269144,1252908,16228,29
1789018365,2011183,1269144,1252908,16228,29
1789018375,2011183,1269144,1252908,16228,29
1789018385,2011183,1269144,1252908,16228,29
1789018395,2011183,1269144,1252908,16228,29
1789018405,2011183,1269144,1252908,16228,29
1789018415,2011183,1269144,1252908,16228,29
1789018425,2011183,1269144,1252908,16228,29
1789018435,2011183,1269144,1252908,16228,29
1789018445,2011183,1269144,1252908,16228,29
1789018455,2011183,1269144,1252908,16228,29
1789018465,2011183,1269144,1252908,16228,29
1789018475,2011183,1269144,1252908,16228,29
1789018485,2011183,1269144,1252908,16228,29
1789018495,2011183,1269144,1252908,16228,29
1789018505,2011183,1269144,1252908,16228,29
1789018515,2011183,1269144,1252908,16228,29
1789018525,2011183,1269144,1252908,16228,29
1789018535,2011183,1269144,1252908,16228,29
1789018545,2011183,1269144,1252908,16228,29
1789018555,2011183,1269144,1252908,16228,29
1789018565,2011183,1269148,1252912,16228,29
1789018575,2011183,1269148,1252912,16228,29
1789018585,2011183,1269148,1252912,16228,29
1789018595,2011183,1269148,1252912,16228,29
1789018605,2011183,1269148,1252912,16228,29
1789018615,2011183,1269148,1252912,16228,29
1789018625,2011183,1269152,1252916,16228,29
1789018635,2011183,1269152,1252916,16228,29
1789018645,2011183,1269152,1252916,16228,29
1789018655,2011183,1269152,1252916,16228,29
1789018665,2011183,1269152,1252916,16228,29
1789018676,2011183,1269152,1252916,16228,29
1789018686,2011183,1269152,1252916,16228,29
1789018696,2011183,1269152,1252916,16228,29
1789018706,2011183,1269152,1252916,16228,29
1789018716,2011183,1269152,1252916,16228,29
1789018726,2011183,1269152,1252916,16228,29
1789018736,2011183,1269152,1252916,16228,29
1789018746,2011183,1269152,1252916,16228,29
1789018756,2011183,1269152,1252916,16228,29
1789018767,2011183,1269152,1252916,16228,29
1789018777,2011183,1269152,1252916,16228,29
1789018787,2011183,1269152,1252916,16228,29
1789018797,2011183,1269152,1252916,16228,29
1789018807,2011183,1269152,1252916,16228,29
1789018817,2011183,1269152,1252916,16228,29
1789018827,2011183,1269152,1252916,16228,29
1789018837,2011183,1269152,1252916,16228,29
1789018847,2011183,1269152,1252916,16228,29
1789018858,2011183,1269152,1252916,16228,29
1789018867,2011183,1269152,1252916,16228,29
1789018877,2011183,1269152,1252916,16228,29
1789018887,2011183,1269152,1252916,16228,29
1789018897,2011183,1269152,1252916,16228,29
1789018907,2011183,1269152,1252916,16228,29
1789018917,2011183,1269152,1252916,16228,29
1789018927,2011183,1269152,1252916,16228,29
1789018937,2011183,1269152,1252916,16228,29
1789018947,2011183,1269152,1252916,16228,29
1789018957,2011183,1269152,1252916,16228,29
1789018967,2011183,1269152,1252916,16228,29
1789018977,2011183,1269152,1252916,16228,29
1789018987,2011183,1269152,1252916,16228,29
1789018997,2011183,1269152,1252916,16228,29
1789019007,2011183,1269152,1252916,16228,29
1789019017,2011183,1269152,1252916,16228,29
1789019027,2011183,1269152,1252916,16228,29
1789019037,2011183,1269152,1252916,16228,29
1789019047,2011183,1269152,1252916,16228,29
1789019057,2011183,1269152,1252916,16228,29
1789019067,2011183,1269152,1252916,16228,29
1789019077,2011183,1269152,1252916,16228,29
1789019087,2011183,1269152,1252916,16228,29
1789019097,2011183,1269152,1252916,16228,29
1789019107,2011183,1269160,1252924,16228,29
1789019117,2011183,1269160,1252924,16228,29
1789019127,2011183,1269160,1252924,16228,29
1789019137,2011183,1269160,1252924,16228,29
1789019147,2011183,1269160,1252924,16228,29
1789019157,2011183,1269160,1252924,16228,29
1789019167,2011183,1269160,1252924,16228,29
1789019177,2011183,1269160,1252924,16228,29
1789019187,2011183,1269160,1252924,16228,29
1789019197,2011183,1269160,1252924,16228,29
1789019207,2011183,1269164,1252928,16228,29
1789019217,2011183,1269164,1252928,16228,29
1789019228,2011183,1269164,1252928,16228,29
1789019238,2011183,1269164,1252928,16228,29
1789019248,2011183,1269164,1252928,16228,29
1789019258,2011183,1269164,1252928,16228,29
1789019268,2011183,1269164,1252928,16228,29
1789019278,2011183,1269164,1252928,16228,29
1789019288,2011183,1269164,1252928,16228,29
1789019298,2011183,1269164,1252928,16228,29
1789019308,2011183,1269164,1252928,16228,29
1789019319,2011183,1269164,1252928,16228,29
1789019329,2011183,1269164,1252928,16228,29
1789019339,2011183,1269164,1252928,16228,29
1789019349,2011183,1269164,1252928,16228,29
1789019359,2011183,1269164,1252928,16228,29
1789019369,2011183,1269164,1252928,16228,29
1789019379,2011183,1269164,1252928,16228,29
1789019389,2011183,1269164,1252928,16228,29
1789019399,2011183,1269164,1252928,16228,29
1789019409,2011183,1269164,1252928,16228,29
1789019419,2011183,1269164,1252928,16228,29
1789019429,2011183,1269164,1252928,16228,29
1789019439,2011183,1269164,1252928,16228,29
1789019449,2011183,1269164,1252928,16228,29
1789019459,2011183,1269164,1252928,16228,29
1789019469,2011183,1269164,1252928,16228,29
1789019479,2011183,1269164,1252928,16228,29
1789019489,2011183,1269164,1252928,16228,29
1789019499,2011183,1269164,1252928,16228,29
1789019509,2011183,1269164,1252928,16228,29
1789019519,2011183,1269164,1252928,16228,29
1789019529,2011183,1269164,1252928,16228,29
1789019539,2011183,1269164,1252928,16228,29
1789019550,2011183,1269164,1252928,16228,29
1789019560,2011183,1269164,1252928,16228,29
1789019570,2011183,1269164,1252928,16228,29
1789019580,2011183,1269164,1252928,16228,29
1789019590,2011183,1269164,1252928,16228,29
1789019600,2011183,1269164,1252928,16228,29
1789019610,2011183,1269164,1252928,16228,29
1789019620,2011183,1269164,1252928,16228,29
1789019630,2011183,1269164,1252928,16228,29
1789019640,2011183,1269164,1252928,16228,29
1789019650,2011183,1269164,1252928,16228,29
1789019660,2011183,1269164,1252928,16228,29
1789019670,2011183,1269164,1252928,16228,29
1789019680,2011183,1269164,1252928,16228,29
1789019690,2011183,1269164,1252928,16228,29
1789019700,2011183,1269164,1252928,16228,29
1789019710,2011183,1269164,1252928,16228,29
1789019720,2011183,1269164,1252928,16228,29
1789019730,2011183,1269164,1252928,16228,29
1789019740,2011183,1269164,1252928,16228,29
1789019750,2011183,1269164,1252928,16228,29
1789019760,2011183,1269164,1252928,16228,29
1789019770,2011183,1269164,1252928,16228,29
1789019780,2011183,1269164,1252928,16228,29
1789019790,2011183,1269164,1252928,16228,29
1789019800,2011183,1269164,1252928,16228,29
1789019810,2011183,1269164,1252928,16228,29
1789019820,2011183,1269164,1252928,16228,29
1789019830,2011183,1269164,1252928,16228,29
1789019840,2011183,1269164,1252928,16228,29
1789019850,2011183,1269164,1252928,16228,29
1789019860,2011183,1269164,1252928,16228,29
1789019870,2011183,1269164,1252928,16228,29
1789019880,2011183,1269164,1252928,16228,29
1789019890,2011183,1269164,1252928,16228,29
1789019900,2011183,1269164,1252928,16228,29
1789019910,2011183,1269164,1252928,16228,29
1789019920,2011183,1269164,1252928,16228,29
1789019930,2011183,1269164,1252928,16228,29
1789019940,2011183,1269164,1252928,16228,29
1789019950,2011183,1269168,1252932,16228,29
1789019960,2011183,1269168,1252932,16228,29
1789019970,2011183,1269180,1252944,16228,30
1789019980,2011183,1269168,1252932,16228,29
1789019990,2011183,1269168,1252932,16228,29
1789020000,2011183,1269168,1252932,16228,29
1789020010,2011183,1269168,1252932,16228,29
1789020020,2011183,1269168,1252932,16228,29
1789020030,2011183,1269168,1252932,16228,29
1789020040,2011183,1269168,1252932,16228,29
1789020050,2011183,1269168,1252932,16228,29
1789020060,2011183,1269168,1252932,16228,29
1789020070,2011183,1269168,1252932,16228,29
1789020080,2011183,1269168,1252932,16228,29
1789020090,2011183,1269168,1252932,16228,29
1789020100,2011183,1269168,1252932,16228,29
1789020110,2011183,1269168,1252932,16228,29
1789020120,2011183,1269168,1252932,16228,29
1789020130,2011183,1269168,1252932,16228,29
1789020140,2011183,1269168,1252932,16228,29
1789020150,2011183,1269168,1252932,16228,29
1789020160,2011183,1269168,1252932,16228,29
1789020170,2011183,1269168,1252932,16228,29
1789020180,2011183,1269168,1252932,16228,29
1789020190,2011183,1269168,1252932,16228,29
1789020200,2011183,1269168,1252932,16228,29
1789020210,2011183,1269168,1252932,16228,29
1789020220,2011183,1269168,1252932,16228,29
1789020230,2011183,1269168,1252932,16228,29
1789020240,2011183,1269168,1252932,16228,29
1789020250,2011183,1269168,1252932,16228,29
1789020260,2011183,1269168,1252932,16228,29
1789020270,2011183,1269168,1252932,16228,29
1789020280,2011183,1269168,1252932,16228,29
1789020290,2011183,1269168,1252932,16228,29
1789020300,2011183,1269168,1252932,16228,29
1789020310,2011183,1269168,1252932,16228,29
1789020320,2011183,1269168,1252932,16228,29
1789020330,2011183,1269168,1252932,16228,29
1789020340,2011183,1269168,1252932,16228,29
1789020350,2011183,1269168,1252932,16228,29
1789020360,2011183,1269168,1252932,16228,29
1789020370,2011183,1269168,1252932,16228,29
1789020380,2011183,1269168,1252932,16228,29
1789020390,2011183,1269168,1252932,16228,29
1789020400,2011183,1269168,1252932,16228,29
1789020410,2011183,1269172,1252936,16228,29
1789020420,2011183,1269172,1252936,16228,29
1789020430,2011183,1269172,1252936,16228,29
1789020440,2011183,1269172,1252936,16228,29
1789020450,2011183,1269172,1252936,16228,29
1789020460,2011183,1269184,1252948,16228,30
1789020470,2011183,1269172,1252936,16228,29
1789020480,2011183,1269172,1252936,16228,29
1789020490,2011183,1269172,1252936,16228,29
1789020500,2011183,1269172,1252936,16228,29
1789020510,2011183,1269172,1252936,16228,29
1789020520,2011183,1269172,1252936,16228,29
1789020530,2011183,1269172,1252936,16228,29
1789020540,2011183,1269172,1252936,16228,29
1789020550,2011183,1269172,1252936,16228,29
1789020560,2011183,1269172,1252936,16228,29
1789020570,2011183,1269172,1252936,16228,29
1789020580,2011183,1269172,1252936,16228,29
1789020590,2011183,1269172,1252936,16228,29
1789020600,2011183,1269172,1252936,16228,29
1789020610,2011183,1269172,1252936,16228,29
1789020620,2011183,1269172,1252936,16228,29
1789020630,2011183,1269172,1252936,16228,29
1789020641,2011183,1269172,1252936,16228,29
1789020651,2011183,1269172,1252936,16228,29
1789020661,2011183,1269172,1252936,16228,29
1789020671,2011183,1269172,1252936,16228,29
1789020681,2011183,1269172,1252936,16228,29
1789020691,2011183,1269172,1252936,16228,29
1789020701,2011183,1269172,1252936,16228,29
1789020711,2011183,1269172,1252936,16228,29
1789020721,2011183,1269184,1252948,16228,29
1789020732,2011183,1269184,1252948,16228,29
1789020741,2011183,1269184,1252948,16228,29
1789020751,2011183,1269184,1252948,16228,29
1789020761,2011183,1269184,1252948,16228,29
1789020771,2011183,1269184,1252948,16228,29
1789020781,2011183,1269184,1252948,16228,29
1789020791,2011183,1269184,1252948,16228,29
1789020801,2011183,1269184,1252948,16228,29
1789020811,2011183,1269184,1252948,16228,29
1789020821,2011183,1269184,1252948,16228,29
1789020831,2011183,1269184,1252948,16228,29
1789020841,2011183,1269188,1252952,16228,29
1789020851,2011183,1269188,1252952,16228,29
1789020861,2011183,1269188,1252952,16228,29
1789020871,2011183,1269188,1252952,16228,29
1789020881,2011183,1269188,1252952,16228,29
1789020891,2011183,1269188,1252952,16228,29
1789020901,2011183,1269188,1252952,16228,29
1789020911,2011183,1269188,1252952,16228,29
1789020921,2011183,1269188,1252952,16228,29
1789020931,2011183,1269188,1252952,16228,29
1789020941,2011183,1269188,1252952,16228,29
1789020951,2011183,1269188,1252952,16228,29
1789020961,2011183,1269188,1252952,16228,29
1789020971,2011183,1269188,1252952,16228,29
1789020981,2011183,1269188,1252952,16228,29
1789020991,2011183,1269188,1252952,16228,29
1789021001,2011183,1269188,1252952,16228,29
1789021011,2011183,1269188,1252952,16228,29
1789021021,2011183,1269188,1252952,16228,29
1789021031,2011183,1269188,1252952,16228,29
1789021041,2011183,1269188,1252952,16228,29
1789021051,2011183,1269188,1252952,16228,29
1789021061,2011183,1269188,1252952,16228,29
1789021071,2011183,1269188,1252952,16228,29
1789021081,2011183,1269188,1252952,16228,29
1789021091,2011183,1269188,1252952,16228,29
1789021101,2011183,1269188,1252952,16228,29
1789021111,2011183,1269188,1252952,16228,29
1789021121,2011183,1269188,1252952,16228,29
1789021131,2011183,1269188,1252952,16228,29
1789021141,2011183,1269188,1252952,16228,29
1789021151,2011183,1269188,1252952,16228,29
1789021161,2011183,1269188,1252952,16228,29
1789021171,2011183,1269188,1252952,16228,29
1789021181,2011183,1269188,1252952,16228,29
1789021191,2011183,1269188,1252952,16228,29
1789021201,2011183,1269188,1252952,16228,29
1789021211,2011183,1269192,1252956,16228,29
1789021221,2011183,1269192,1252956,16228,29
1789021231,2011183,1269192,1252956,16228,29
1789021241,2011183,1269192,1252956,16228,29
1789021251,2011183,1269192,1252956,16228,29
1789021261,2011183,1269192,1252956,16228,29
1789021271,2011183,1269192,1252956,16228,29
1789021281,2011183,1269192,1252956,16228,29
1789021291,2011183,1269192,1252956,16228,29
1789021301,2011183,1269192,1252956,16228,29
1789021311,2011183,1269192,1252956,16228,29
1789021321,2011183,1269192,1252956,16228,29
1789021331,2011183,1269192,1252956,16228,29
1789021341,2011183,1269192,1252956,16228,29
1789021351,2011183,1269192,1252956,16228,29
1789021361,2011183,1269196,1252960,16228,29
1789021372,2011183,1269196,1252960,16228,29
1789021382,2011183,1269196,1252960,16228,29
1789021392,2011183,1269196,1252960,16228,29
1789021402,2011183,1269196,1252960,16228,29
1789021413,2011183,1269196,1252960,16228,29
1789021422,2011183,1269196,1252960,16228,29
1789021432,2011183,1269196,1252960,16228,29
1789021442,2011183,1269196,1252960,16228,29
1789021452,2011183,1269196,1252960,16228,29
1789021462,2011183,1269196,1252960,16228,29
1789021472,2011183,1269196,1252960,16228,29
1789021482,2011183,1269196,1252960,16228,29
1789021492,2011183,1269196,1252960,16228,29
1789021502,2011183,1269196,1252960,16228,29
1789021512,2011183,1269196,1252960,16228,29
1789021522,2011183,1269196,1252960,16228,29
1789021532,2011183,1269196,1252960,16228,29
1789021542,2011183,1269196,1252960,16228,29
1789021553,2011183,1269196,1252960,16228,29
1789021562,2011183,1269196,1252960,16228,29
1789021572,2011183,1269196,1252960,16228,29
1789021582,2011183,1269196,1252960,16228,29
1789021592,2011183,1269196,1252960,16228,29
1789021602,2011183,1269196,1252960,16228,29
1789021612,2011183,1269196,1252960,16228,29
1789021622,2011183,1269196,1252960,16228,29
1789021632,2011183,1269196,1252960,16228,29
1789021642,2011183,1269196,1252960,16228,29
1789021652,2011183,1269196,1252960,16228,29
1789021662,2011183,1269196,1252960,16228,29
1789021672,2011183,1269196,1252960,16228,29
1789021682,2011183,1269196,1252960,16228,29
1789021692,2011183,1269196,1252960,16228,29
1789021702,2011183,1269196,1252960,16228,29
1789021712,2011183,1269196,1252960,16228,29
1789021722,2011183,1269196,1252960,16228,29
1789021732,2011183,1269196,1252960,16228,29
1789021742,2011183,1269196,1252960,16228,29
1789021752,2011183,1269196,1252960,16228,29
1789021762,2011183,1269196,1252960,16228,29
1789021772,2011183,1269196,1252960,16228,29
1789021782,2011183,1269196,1252960,16228,29
1789021792,2011183,1269196,1252960,16228,29
1789021802,2011183,1269196,1252960,16228,29
1789021812,2011183,1269196,1252960,16228,29
1789021822,2011183,1269196,1252960,16228,29
1789021832,2011183,1269196,1252960,16228,29
1789021842,2011183,1269196,1252960,16228,29
1789021852,2011183,1269196,1252960,16228,29
1789021862,2011183,1269196,1252960,16228,29
1789021872,2011183,1269196,1252960,16228,29
1789021882,2011183,1269196,1252960,16228,29
1789021892,2011183,1269196,1252960,16228,29
1789021902,2011183,1269196,1252960,16228,29
1789021912,2011183,1269196,1252960,16228,29
1789021922,2011183,1269196,1252960,16228,29
1789021932,2011183,1269196,1252960,16228,29
1789021942,2011183,1269196,1252960,16228,29
1789021952,2011183,1269196,1252960,16228,29
1789021962,2011183,1269200,1252964,16228,29
1789021972,2011183,1269200,1252964,16228,29
1789021982,2011183,1269200,1252964,16228,29
1789021992,2011183,1269200,1252964,16228,29
1789022002,2011183,1269200,1252964,16228,29
1789022012,2011183,1269200,1252964,16228,29
1789022022,2011183,1269200,1252964,16228,29
1789022032,2011183,1269200,1252964,16228,29
1789022042,2011183,1269200,1252964,16228,29
1789022052,2011183,1269200,1252964,16228,29
1789022062,2011183,1269200,1252964,16228,29
1789022072,2011183,1269200,1252964,16228,29
1789022082,2011183,1269200,1252964,16228,29
1789022092,2011183,1269200,1252964,16228,29
1789022103,2011183,1269200,1252964,16228,29
1789022113,2011183,1269200,1252964,16228,29
1789022123,2011183,1269200,1252964,16228,29
1789022133,2011183,1269200,1252964,16228,29
1789022143,2011183,1269200,1252964,16228,29
1789022153,2011183,1269200,1252964,16228,29
1789022163,2011183,1269200,1252964,16228,29
1789022173,2011183,1269200,1252964,16228,29
1789022183,2011183,1269200,1252964,16228,29
1789022193,2011183,1269200,1252964,16228,29
1789022203,2011183,1269200,1252964,16228,29
1789022213,2011183,1269200,1252964,16228,29
1789022223,2011183,1269200,1252964,16228,29
1789022233,2011183,1269200,1252964,16228,29
1789022244,2011183,1269200,1252964,16228,29
1789022254,2011183,1269200,1252964,16228,29
1789022264,2011183,1269200,1252964,16228,29
1789022274,2011183,1269200,1252964,16228,29
1789022285,2011183,1269200,1252964,16228,29
1789022294,2011183,1269200,1252964,16228,29
1789022304,2011183,1269200,1252964,16228,29
1789022314,2011183,1269200,1252964,16228,29
1789022324,2011183,1269200,1252964,16228,29
1789022334,2011183,1269200,1252964,16228,29
1789022344,2011183,1269200,1252964,16228,29
1789022354,2011183,1269200,1252964,16228,29
1789022364,2011183,1269204,1252968,16228,29
1789022374,2011183,1269204,1252968,16228,29
1789022384,2011183,1269204,1252968,16228,29
1789022394,2011183,1269204,1252968,16228,29
1789022404,2011183,1269204,1252968,16228,29
1789022414,2011183,1269204,1252968,16228,29
1789022425,2011183,1269204,1252968,16228,29
1789022435,2011183,1269204,1252968,16228,29
1789022445,2011183,1269204,1252968,16228,29
1789022455,2011183,1269204,1252968,16228,29
1789022465,2011183,1269204,1252968,16228,29
1789022475,2011183,1269204,1252968,16228,29
1789022485,2011183,1269204,1252968,16228,29
1789022495,2011183,1269204,1252968,16228,29
1789022505,2011183,1269204,1252968,16228,29
1789022516,2011183,1269204,1252968,16228,29
1789022525,2011183,1269204,1252968,16228,29
1789022535,2011183,1269204,1252968,16228,29
1789022545,2011183,1269204,1252968,16228,29
1789022555,2011183,1269204,1252968,16228,29
1789022565,2011183,1269204,1252968,16228,29
1789022575,2011183,1269204,1252968,16228,29
1789022585,2011183,1269204,1252968,16228,29
1789022595,2011183,1269204,1252968,16228,29
1789022605,2011183,1269204,1252968,16228,29
1789022615,2011183,1269204,1252968,16228,29
1789022625,2011183,1269204,1252968,16228,29
1789022635,2011183,1269204,1252968,16228,29
1789022645,2011183,1269204,1252968,16228,29
1789022655,2011183,1269204,1252968,16228,29
1789022665,2011183,1269204,1252968,16228,29
1789022675,2011183,1269204,1252968,16228,29
1789022685,2011183,1269204,1252968,16228,29
1789022695,2011183,1269204,1252968,16228,29
1789022705,2011183,1269204,1252968,16228,29
1789022715,2011183,1269204,1252968,16228,29
1789022725,2011183,1269204,1252968,16228,29
1789022735,2011183,1269204,1252968,16228,29
1789022745,2011183,1269204,1252968,16228,29
1789022755,2011183,1269204,1252968,16228,29
1789022765,2011183,1269204,1252968,16228,29
1789022775,2011183,1269204,1252968,16228,29
1789022785,2011183,1269204,1252968,16228,29
1789022795,2011183,1269204,1252968,16228,29
1789022805,2011183,1269204,1252968,16228,29
1789022815,2011183,1269204,1252968,16228,29
1789022825,2011183,1269204,1252968,16228,29
1789022835,2011183,1269204,1252968,16228,29
1789022845,2011183,1269204,1252968,16228,29
1789022855,2011183,1269208,1252972,16228,29
1789022865,2011183,1269208,1252972,16228,29
1789022875,2011183,1269208,1252972,16228,29
1789022885,2011183,1269208,1252972,16228,29
1789022895,2011183,1269208,1252972,16228,29
1789022905,2011183,1269208,1252972,16228,29
1789022915,2011183,1269208,1252972,16228,29
1789022925,2011183,1269208,1252972,16228,29
1789022935,2011183,1269208,1252972,16228,29
1789022945,2011183,1269208,1252972,16228,29
1789022955,2011183,1269208,1252972,16228,29
1789022965,2011183,1269208,1252972,16228,29
1789022975,2011183,1269208,1252972,16228,29
1789022985,2011183,1269208,1252972,16228,29
1789022995,2011183,1269208,1252972,16228,29
1789023005,2011183,1269208,1252972,16228,29
1789023015,2011183,1269208,1252972,16228,29
1789023025,2011183,1269208,1252972,16228,29
1789023035,2011183,1269208,1252972,16228,29
1789023045,2011183,1269208,1252972,16228,29
1789023055,2011183,1269208,1252972,16228,29
1789023065,2011183,1269208,1252972,16228,29
1789023075,2011183,1269208,1252972,16228,29
1789023085,2011183,1269208,1252972,16228,29
1789023095,2011183,1269208,1252972,16228,29
1789023105,2011183,1269208,1252972,16228,29
1789023115,2011183,1269208,1252972,16228,29
1789023125,2011183,1269208,1252972,16228,29
1789023135,2011183,1269208,1252972,16228,29
1789023145,2011183,1269208,1252972,16228,29
1789023155,2011183,1269208,1252972,16228,29
1789023165,2011183,1269208,1252972,16228,29
1789023175,2011183,1269208,1252972,16228,29
1789023185,2011183,1269208,1252972,16228,29
1789023195,2011183,1269208,1252972,16228,29
1789023205,2011183,1269208,1252972,16228,29
1789023215,2011183,1269208,1252972,16228,29
1789023225,2011183,1269208,1252972,16228,29
1789023235,2011183,1269208,1252972,16228,29
1789023245,2011183,1269208,1252972,16228,29
1789023255,2011183,1269208,1252972,16228,29
1789023265,2011183,1269208,1252972,16228,29
1789023275,2011183,1269208,1252972,16228,29
1789023285,2011183,1269208,1252972,16228,29
1789023295,2011183,1269208,1252972,16228,29
1789023305,2011183,1269208,1252972,16228,29
1789023315,2011183,1269208,1252972,16228,29
1789023325,2011183,1269208,1252972,16228,29
1789023335,2011183,1269208,1252972,16228,29
1789023345,2011183,1269212,1252976,16228,29
1789023355,2011183,1269212,1252976,16228,29
1789023365,2011183,1269212,1252976,16228,29
1789023375,2011183,1269212,1252976,16228,29
1789023386,2011183,1269212,1252976,16228,29
1789023395,2011183,1269212,1252976,16228,29
1789023405,2011183,1269212,1252976,16228,29
1789023415,2011183,1269212,1252976,16228,29
1789023425,2011183,1269212,1252976,16228,29
1789023436,2011183,1269212,1252976,16228,29
1789023445,2011183,1269212,1252976,16228,29
1789023455,2011183,1269212,1252976,16228,29
1789023465,2011183,1269212,1252976,16228,29
1789023475,2011183,1269212,1252976,16228,29
1789023485,2011183,1269212,1252976,16228,29
1789023495,2011183,1269212,1252976,16228,29
1789023505,2011183,1269212,1252976,16228,29
1789023515,2011183,1269212,1252976,16228,29
1789023525,2011183,1269212,1252976,16228,29
1789023535,2011183,1269212,1252976,16228,29
1789023545,2011183,1269212,1252976,16228,29
1789023555,2011183,1269212,1252976,16228,29
1789023565,2011183,1269212,1252976,16228,29
1789023575,2011183,1269212,1252976,16228,29
1789023585,2011183,1269212,1252976,16228,29
1789023595,2011183,1269212,1252976,16228,29
1789023605,2011183,1269212,1252976,16228,29
1789023615,2011183,1269212,1252976,16228,29
1789023626,2011183,1269212,1252976,16228,29
1789023636,2011183,1269212,1252976,16228,29
1789023647,2011183,1269212,1252976,16228,29
1789023657,2011183,1269212,1252976,16228,29
1789023667,2011183,1269212,1252976,16228,29
1789023678,2011183,1269212,1252976,16228,29
1789023687,2011183,1269212,1252976,16228,29
1789023697,2011183,1269212,1252976,16228,29
1789023707,2011183,1269212,1252976,16228,29
1789023717,2011183,1269212,1252976,16228,29
1789023727,2011183,1269212,1252976,16228,29
1789023737,2011183,1269212,1252976,16228,29
1789023747,2011183,1269212,1252976,16228,29
1789023757,2011183,1269212,1252976,16228,29
1789023767,2011183,1269212,1252976,16228,29
1789023777,2011183,1269212,1252976,16228,29
1789023787,2011183,1269212,1252976,16228,29
1789023797,2011183,1269212,1252976,16228,29
1789023807,2011183,1269212,1252976,16228,29
1789023817,2011183,1269212,1252976,16228,29
1789023827,2011183,1269212,1252976,16228,29
1789023837,2011183,1269216,1252980,16228,29
1789023847,2011183,1269216,1252980,16228,29
1789023857,2011183,1269216,1252980,16228,29
1789023867,2011183,1269216,1252980,16228,29
1789023877,2011183,1269216,1252980,16228,29
1789023888,2011183,1269216,1252980,16228,29
1789023897,2011183,1269216,1252980,16228,29
1789023907,2011183,1269216,1252980,16228,29
1789023917,2011183,1269216,1252980,16228,29
1789023927,2011183,1269216,1252980,16228,29
1789023937,2011183,1269216,1252980,16228,29
1789023947,2011183,1269252,1253016,16228,29
1789023957,2011183,1269252,1253016,16228,29
1789023968,2011183,1269252,1253016,16228,29
1789023978,2011183,1269252,1253016,16228,29
1789023988,2011183,1269252,1253016,16228,29
1789023998,2011183,1269252,1253016,16228,29
1789024008,2011183,1269252,1253016,16228,29
1789024019,2011183,1269252,1253016,16228,29
1789024029,2011183,1269252,1253016,16228,29
1789024039,2011183,1269252,1253016,16228,29
1789024049,2011183,1269252,1253016,16228,29
1789024059,2011183,1269252,1253016,16228,29
1789024069,2011183,1269252,1253016,16228,29
1789024079,2011183,1269252,1253016,16228,29
1789024089,2011183,1269252,1253016,16228,29
1789024100,2011183,1269252,1253016,16228,29
1789024109,2011183,1269252,1253016,16228,29
1789024119,2011183,1269252,1253016,16228,29
1789024129,2011183,1269252,1253016,16228,29
1789024139,2011183,1269252,1253016,16228,29
1789024149,2011183,1269252,1253016,16228,29
1789024159,2011183,1269252,1253016,16228,29
1789024169,2011183,1269252,1253016,16228,29
1789024179,2011183,1269252,1253016,16228,29
1789024189,2011183,1269252,1253016,16228,29
1789024199,2011183,1269252,1253016,16228,29
1789024209,2011183,1269252,1253016,16228,29
1789024219,2011183,1269252,1253016,16228,29
1789024229,2011183,1269252,1253016,16228,29
1789024239,2011183,1269252,1253016,16228,29
1789024249,2011183,1269252,1253016,16228,29
1789024259,2011183,1269252,1253016,16228,29
1789024270,2011183,1269252,1253016,16228,29
1789024280,2011183,1269252,1253016,16228,29
1789024290,2011183,1269252,1253016,16228,29
1789024301,2011183,1269252,1253016,16228,29
1789024311,2011183,1269252,1253016,16228,29
1789024321,2011183,1269252,1253016,16228,29
1789024331,2011183,1269252,1253016,16228,29
1789024341,2011183,1269252,1253016,16228,29
1789024351,2011183,1269252,1253016,16228,29
1789024361,2011183,1269252,1253016,16228,29
1789024371,2011183,1269252,1253016,16228,29
1789024381,2011183,1269252,1253016,16228,29
1789024392,2011183,1269252,1253016,16228,29
1789024402,2011183,1269252,1253016,16228,29
1789024412,2011183,1269252,1253016,16228,29
1789024422,2011183,1269252,1253016,16228,29
1789024432,2011183,1269252,1253016,16228,29
1789024442,2011183,1269252,1253016,16228,29
1789024452,2011183,1269252,1253016,16228,29
1789024462,2011183,1269252,1253016,16228,29
1789024472,2011183,1269252,1253016,16228,29
1789024483,2011183,1269252,1253016,16228,29
1789024493,2011183,1269252,1253016,16228,29
1789024503,2011183,1269252,1253016,16228,29
1789024513,2011183,1269252,1253016,16228,29
1789024523,2011183,1269252,1253016,16228,29
1789024533,2011183,1269252,1253016,16228,29
1789024544,2011183,1269252,1253016,16228,29
1789024554,2011183,1269252,1253016,16228,29
1789024564,2011183,1269252,1253016,16228,29
1789024574,2011183,1269252,1253016,16228,29
1789024584,2011183,1269288,1253052,16228,29
1789024594,2011183,1269288,1253052,16228,29
1789024604,2011183,1269288,1253052,16228,29
1789024614,2011183,1269288,1253052,16228,29
1789024624,2011183,1269288,1253052,16228,29
1789024634,2011183,1269288,1253052,16228,29
1789024644,2011183,1274876,1258640,16228,29
1789024654,2011183,1274876,1258640,16228,29
1789024665,2011183,1274912,1258676,16228,29
1789024675,2011183,1274912,1258676,16228,29
1789024685,2011183,1274912,1258676,16228,29
1789024695,2011183,1280500,1264264,16228,29
1789024705,2011183,1280500,1264264,16228,29
1789024715,2011183,1280500,1264264,16228,29
1789024725,2011183,1280500,1264264,16228,29
1789024735,2011183,1280500,1264264,16228,29
1789024745,2011183,1280500,1264264,16228,29
1789024755,2011183,1280500,1264264,16228,29
1789024765,2011183,1280500,1264264,16228,29
1789024775,2011183,1280500,1264264,16228,29
1789024785,2011183,1280500,1264264,16228,29
1789024796,2011183,1280500,1264264,16228,29
1789024806,2011183,1280500,1264264,16228,29
1789024816,2011183,1280500,1264264,16228,29
1789024826,2011183,1280500,1264264,16228,29
1789024837,2011183,1280500,1264264,16228,29
1789024847,2011183,1280500,1264264,16228,29
1789024858,2011183,1280500,1264264,16228,29
1789024868,2011183,1280500,1264264,16228,29
1789024878,2011183,1280500,1264264,16228,29
1789024888,2011183,1280500,1264264,16228,29
1789024899,2011183,1280500,1264264,16228,29
1789024908,2011183,1280500,1264264,16228,29
1789024918,2011183,1280500,1264264,16228,29
1789024929,2011183,1280500,1264264,16228,29
1789024938,2011183,1280500,1264264,16228,29
1789024948,2011183,1280500,1264264,16228,29
1789024958,2011183,1280500,1264264,16228,29
1789024968,2011183,1280500,1264264,16228,29
1789024978,2011183,1280500,1264264,16228,29
1789024988,2011183,1280500,1264264,16228,29
1789024998,2011183,1280500,1264264,16228,29
1789025009,2011183,1280500,1264264,16228,29
1789025019,2011183,1280500,1264264,16228,29
1789025030,2011183,1280500,1264264,16228,29
1789025040,2011183,1280500,1264264,16228,29
1789025050,2011183,1280500,1264264,16228,29
1789025060,2011183,1280500,1264264,16228,29
1789025071,2011183,1280500,1264264,16228,29
1789025081,2011183,1280500,1264264,16228,29
1789025092,2011183,1280500,1264264,16228,29
1789025102,2011183,1280500,1264264,16228,29
1789025112,2011183,1280500,1264264,16228,29
1789025122,2011183,1280500,1264264,16228,29
1789025132,2011183,1280500,1264264,16228,29
1789025142,2011183,1280500,1264264,16228,29
1789025152,2011183,1280500,1264264,16228,29
1789025162,2011183,1280500,1264264,16228,29
1789025173,2011183,1280500,1264264,16228,29
1789025183,2011183,1280500,1264264,16228,29
1789025193,2011183,1280500,1264264,16228,29
1789025203,2011183,1280500,1264264,16228,29
1789025213,2011183,1280500,1264264,16228,29
1789025223,2011183,1280500,1264264,16228,29
1789025233,2011183,1280500,1264264,16228,29
1789025243,2011183,1280500,1264264,16228,29
1789025253,2011183,1280500,1264264,16228,29
1789025263,2011183,1280500,1264264,16228,29
1789025273,2011183,1280500,1264264,16228,29
1789025283,2011183,1280500,1264264,16228,29
1789025293,2011183,1280500,1264264,16228,29
1789025303,2011183,1280500,1264264,16228,29
1789025313,2011183,1280500,1264264,16228,29
1789025323,2011183,1280500,1264264,16228,29
1789025333,2011183,1280500,1264264,16228,29
1789025343,2011183,1280500,1264264,16228,29
1789025353,2011183,1280500,1264264,16228,29
1789025363,2011183,1280500,1264264,16228,29
1789025373,2011183,1280500,1264264,16228,29
1789025383,2011183,1280500,1264264,16228,29
1789025393,2011183,1280500,1264264,16228,29
1789025403,2011183,1280500,1264264,16228,29
1789025413,2011183,1280500,1264264,16228,29
1789025423,2011183,1280500,1264264,16228,29
1789025433,2011183,1280500,1264264,16228,29
1789025443,2011183,1280500,1264264,16228,29
1789025453,2011183,1280500,1264264,16228,29
1789025464,2011183,1280500,1264264,16228,29
1789025474,2011183,1280500,1264264,16228,29
1789025484,2011183,1280500,1264264,16228,29
1789025494,2011183,1280500,1264264,16228,29
1789025504,2011183,1280500,1264264,16228,29
1789025514,2011183,1280500,1264264,16228,29
1789025524,2011183,1280500,1264264,16228,29
1789025535,2011183,1280500,1264264,16228,29
1789025545,2011183,1280500,1264264,16228,29
1789025556,2011183,1280500,1264264,16228,29
1789025566,2011183,1280500,1264264,16228,29
1789025576,2011183,1280500,1264264,16228,29
1789025586,2011183,1280500,1264264,16228,29
1789025596,2011183,1280500,1264264,16228,29
1789025606,2011183,1280500,1264264,16228,29
1789025616,2011183,1280500,1264264,16228,29
1789025626,2011183,1280500,1264264,16228,29
1789025636,2011183,1280500,1264264,16228,29
1789025646,2011183,1280500,1264264,16228,29
1789025657,2011183,1280500,1264264,16228,29
1789025667,2011183,1280500,1264264,16228,29
1789025678,2011183,1280500,1264264,16228,29
1789025688,2011183,1280500,1264264,16228,29
1789025698,2011183,1280500,1264264,16228,29
1789025709,2011183,1280500,1264264,16228,29
1789025719,2011183,1280500,1264264,16228,29
1789025729,2011183,1280500,1264264,16228,29
1789025739,2011183,1280500,1264264,16228,29
1789025749,2011183,1280500,1264264,16228,29
1789025759,2011183,1280500,1264264,16228,29
1789025770,2011183,1280500,1264264,16228,29
1789025780,2011183,1280500,1264264,16228,29
1789025790,2011183,1280504,1264268,16228,29
1789025800,2011183,1280504,1264268,16228,29
1789025810,2011183,1280504,1264268,16228,29
1789025820,2011183,1280504,1264268,16228,29
1789025831,2011183,1280504,1264268,16228,29
1789025840,2011183,1280504,1264268,16228,29
1789025851,2011183,1280504,1264268,16228,29
1789025862,2011183,1280504,1264268,16228,29
1789025872,2011183,1280504,1264268,16228,29
1789025882,2011183,1280504,1264268,16228,29
1789025893,2011183,1280504,1264268,16228,29
1789025903,2011183,1280504,1264268,16228,29
1789025913,2011183,1280504,1264268,16228,29
1789025923,2011183,1280504,1264268,16228,29
1789025934,2011183,1280504,1264268,16228,29
1789025944,2011183,1280504,1264268,16228,29
1789025955,2011183,1280504,1264268,16228,29
1789025965,2011183,1280504,1264268,16228,29
1789025975,2011183,1280504,1264268,16228,29
1789025985,2011183,1280504,1264268,16228,29
1789025995,2011183,1280504,1264268,16228,29
1789026005,2011183,1280504,1264268,16228,29
1789026016,2011183,1280504,1264268,16228,29
1789026026,2011183,1280504,1264268,16228,29
1789026036,2011183,1280504,1264268,16228,29
1789026046,2011183,1280504,1264268,16228,29
1789026057,2011183,1280504,1264268,16228,29
1789026067,2011183,1280504,1264268,16228,29
1789026077,2011183,1280504,1264268,16228,29
1789026087,2011183,1280504,1264268,16228,29
1789026097,2011183,1280504,1264268,16228,29
1789026108,2011183,1280504,1264268,16228,29
1789026119,2011183,1280504,1264268,16228,29
1789026129,2011183,1280504,1264268,16228,29
1789026139,2011183,1280504,1264268,16228,29
1789026149,2011183,1280504,1264268,16228,29
1789026159,2011183,1280504,1264268,16228,29
1789026169,2011183,1280504,1264268,16228,29
1789026179,2011183,1280504,1264268,16228,29
1789026189,2011183,1280504,1264268,16228,29
1789026199,2011183,1280504,1264268,16228,29
1789026209,2011183,1280504,1264268,16228,29
1789026219,2011183,1280504,1264268,16228,29
1789026229,2011183,1280504,1264268,16228,29
1789026239,2011183,1280504,1264268,16228,29
1789026249,2011183,1280504,1264268,16228,29
1789026259,2011183,1280504,1264268,16228,29
1789026269,2011183,1280504,1264268,16228,29
1789026279,2011183,1280504,1264268,16228,29
1789026290,2011183,1280504,1264268,16228,29
1789026300,2011183,1280504,1264268,16228,29
1789026310,2011183,1280504,1264268,16228,29
1789026320,2011183,1280504,1264268,16228,29
1789026330,2011183,1280504,1264268,16228,29
1789026340,2011183,1280504,1264268,16228,29
1789026350,2011183,1280504,1264268,16228,29
1789026360,2011183,1280504,1264268,16228,29
1789026370,2011183,1280504,1264268,16228,29
1789026380,2011183,1280504,1264268,16228,29
1789026390,2011183,1280504,1264268,16228,29
1789026400,2011183,1280504,1264268,16228,29
1789026410,2011183,1280504,1264268,16228,29
1789026420,2011183,1280504,1264268,16228,29
1789026430,2011183,1280504,1264268,16228,29
1789026440,2011183,1280504,1264268,16228,29
1789026450,2011183,1280504,1264268,16228,29
1789026460,2011183,1280504,1264268,16228,29
1789026470,2011183,1280504,1264268,16228,29
1789026480,2011183,1280504,1264268,16228,29
1789026490,2011183,1280504,1264268,16228,29
1789026500,2011183,1280504,1264268,16228,29
1789026510,2011183,1280508,1264272,16228,29
1789026520,2011183,1280508,1264272,16228,29
1789026530,2011183,1280508,1264272,16228,29
1789026540,2011183,1280508,1264272,16228,29
1789026550,2011183,1280508,1264272,16228,29
1789026560,2011183,1280508,1264272,16228,29
1789026570,2011183,1280344,1264108,16228,18
